,desc,count,year
0,PARK PROHIBITED TIME NO PERMIT,452882,2011
1,PARK HWY PROHIBED TIME/DAY,380297,2011
2,PARK FAIL TO DISPLAY RECEIPT,346126,2011
3,PARK/LEAVE ON PRIVATE PROPERTY,336661,2011
4,PARK FAIL TO DEP. FEE MACHINE,234060,2011
5,PARK-HWY DRNG PROH TIMES/DAYS,107426,2011
6,STOP HWY PROHIBITED TIME/DAY,105429,2011
7,PARK LONGER THAN 3 HOURS,81603,2011
8,PARK HWY IN EXCESS PRMTD TIME,74065,2011
9,STOP-HWY-PROHIBITED TIMES/DAYS,71527,2011
10,STD VEH HWY PROHIB TIME/DAY,70312,2011
11,PARK HWY AT PROHIB TIME/DAY,39169,2011
12,STAND VEH-HWY-PROH TIME/DAYS,36955,2011
13,PARK 3M OF FIRE HYDRANT,32849,2011
14,PARK ON   2AM-6AM DEC 1-MAR 31,32374,2011
15,PARK OVER 3 HOURS,30740,2011
16,PARK IN A FIRE ROUTE,24821,2011
17,STOP ON/OVER SIDEWALK/FOOTPATH,24066,2011
18,PARK IN PUBLIC LANE,22733,2011
19,PARKING MACH-NOT USED/NO FEE  ,20976,2011
20,PARK-HWY PROHIB TIMES/DAYS,20754,2011
21,STAND SIGNED TRANSIT STOP,18848,2011
22,PARK-PASSENGER/FREIGHT LOADING,15642,2011
23,PARK 9M OF INTERSCTING HIGHWAY,15229,2011
24,PARK HWY EXCESS OF PERM TIME,14612,2011
25,PARK - ON BOULEVARD,13991,2011
26,PARK HWY PROHIBITED TIMES/DAYS,13381,2011
27,PARK HWY PRO TIMES/DAYS,11838,2011
28,STOP HWY PROHIB TIME/DAY,9931,2011
29,PARK SIGNED HWY PRO TIMES/DAYS,9494,2011
30,PARK/LEAVE ON MUNICIPAL PRPTY,8067,2011
31,PARK-FAIL TO DISPLAY PERMIT,7850,2011
32,PARK-LONGER THAN 3 HOURS,6485,2011
33,PARK - 3M OF FIRE HYDRANT,6335,2011
34,PARK - NOT WITHIN PERIOD  ,6129,2011
35,FAIL TO PARK/STOP PARA TO CURB,5689,2011
36,STAND SIGNED TAXICAB STAND,5003,2011
37,PARK IN PARK NOT IN DESIG AREA,4950,2011
38,PARK IN DISABLED NO PERMIT,4673,2011
39,PARK-HWY EXCESS PERMTD TIME,4451,2011
40,PARK OBSTRUCT DRIVEWAY/LANEWAY,3832,2011
41,PARK FAIL TO DEPOSIT FEE METER,3743,2011
42,PARK AT EXPIRED METER,3193,2011
43,PARK CONTRARY POSTED CONDITION,2747,2011
44,PARK ON-STRT DISABLD NO PERMIT,2620,2011
45,STAND ON-ST DISABL LDG NO PRMT,2287,2011
46,STOP VEH OTR THN BCYCL-BYCL LN,1926,2011
47,PARK-HWY-EXCESS PERMITTED TIME,1892,2011
48,STOP HWY PROHIBITED TIMES/DAYS,1871,2011
49,STOP ROADSDE STOPPED/PARKED VE,1809,2011
50,PARK 3 M OF FIRE HYDRANT,1762,2011
51,STOP SIGNED HWY PRO TIMES/DAYS,1740,2011
52,PARK HWY OVER PERMITTED TIME,1712,2011
53,STAND VEH HWY PRO TIME/DAY,1706,2011
54,FAIL TO PARK/STOP PARA RTHD HW,1676,2011
55,STAND VEH HWY PROHIB TIME/DAY,1661,2011
56,PARK SIGNED HWY EXCESS OF TIME,1613,2011
57,PARK - BETWEEN ROAD & SIDEWALK,1592,2011
58,STOP - WITHIN 9.0M OF XWALK,1505,2011
59,STOP ON/OVER SIDEWALK/PATH,1485,2011
60,PARK VEHICLE IN CAR-SHARE AREA,1483,2011
61,STOP-ON/OVER SIDEWALK/FOOTPATH,1332,2011
62,PARK-FAIL TO DEPOSIT FEE METER,1318,2011
63,PARK-SIGNED TAXICAB STAND,1271,2011
64,STAND VEH HWY PRO TIMES/DAYS,1269,2011
65,STOP HWY PRO TIME/DAYS,1175,2011
66,PARK-3M OF FIRE HYDRANT,1156,2011
67,PARK - 9M OF INTERSECTING HWY,1063,2011
68,PARK VEHICLE OUTSIDE OF SPACE ,912,2011
69,FAIL TO PARK/STOP PAR TO CURB,910,2011
70,STAND VEH-HWY-PROH TIMES/DAYS,895,2011
71,FAIL PARK/STOP PAR RH LTD HWY,799,2011
72,PARK 9 M OF INTERSECTING HWY,792,2011
73,STAND STR DISABL LDG NO DROPOF,791,2011
74,FAIL TO PARK/STOP PARA RH HWY,778,2011
75,PARK 9M OF INTERSECTING HWY,768,2011
76,PARK-9M OF INTERSECTING HWY,747,2011
77,FAIL PARK/STOP PAR RT HAND LTD,744,2011
78,STAND SIGN HWY PRO TIMES/DAYS,662,2011
79,PARK VEHICLE ON ROADWAY,570,2011
80,STOP RDSDE STOPPED/PARKED VEH,560,2011
81,STAND ON-STRT DISABL NO PERMIT,546,2011
82,STAND BUS PROHIBITED TIME,545,2011
83,PARK - 3 M OF FIRE HYDRANT,527,2011
84,STAND IN DISABLED NOT DROP OFF,486,2011
85,PARK TRUCK HWY NO PERM TIME/DA,470,2011
86,PARK - ON FRONT YARD,452,2011
87,PARK 60CM OF DRIVEWAY/LANEWAY,451,2011
88,PARK FAIL TO DEP FEE IN METER,389,2011
89,PARK/LEAVE CONTRARY TO SIGN,360,2011
90,PARK HVY TRK HWY PRO TIME/DAY,353,2011
91,FAIL TO PARK/STOP PARALLEL CUR,351,2011
92,PARK BUS PROHIBITED TIME,346,2011
93,PARK HEAVY TRUCK-SIGNED HIGHWA,329,2011
94,PARK HWY WITHN T-TYPE INTERSCT,326,2011
95,PARK ON HWY UNDER 6M WIDE,316,2011
96,PARK HVY TRK HWY TIMES/DAYS,315,2011
97,FAIL TO PARK/STOP PARALLEL RIG,312,2011
98,PARK OBSTRUCT DRIVE/LANE,309,2011
99,PARK-OBS DRIVEWAY/LANEWAY/RAMP,295,2011
100,STOP BUS PROHIBITED TIME,273,2011
101,PARK HVY TRU NOT PER  TIME/DAY,263,2011
102,PARK/LEAVE-FIRE ROUTE,230,2011
103,PARK IN DISABLED NOT DROP OFF,221,2011
104,STAND DISABL LOADING NO PERMIT,216,2011
105,PARK VEHICLE WHILE NOT IN PARK,211,2011
106,PARK - OBSTRUCT DRIVEWAY/LANE,209,2011
107,PARK VEHICLE - FOR SALE,202,2011
108,PARK HWY 15M OF INTERSECTION,173,2011
109,PARK-ISSUED CARD NOT DISPLAYED,170,2011
110,PARK/STOP OVER 30 CM FROM CURB,170,2011
111,STAND DISABLD LDG NOT DROP OFF,167,2011
112,STOP WITHIN 9M OF CROSSWALK,164,2011
113,STOP ADJ TO CENTRE BOULEVARD,163,2011
114,STOP-WITHIN 9.0M OF CROSSWALK,158,2011
115,STAND IN DISABLED NO PERMIT,150,2011
116,PARK-OBSTRUCT DRIVEWAY/LANEWAY,134,2011
117,STOP SIDE STOPPED/PARKED VEH,133,2011
118,PARK MORE THAN 7DAYS NO PERMIT,127,2011
119,PARK OTHER THAN METERED SPACE,127,2011
120,STOP RD SIDE STOP/PARKED VEH,125,2011
121,STAND VEHICLE WHERE PROHIBITED,116,2011
122,STOP BSD OBSTR RDWY-IMPEDE TRF,116,2011
123,PARK - SIGNED TAXICAB STAND,114,2011
124,STOP/STAND/PARK VEND CONT ZONE,111,2011
125,STOP ON CENTRE STRIP,107,2011
126,STOP WITHIN INTERSECTION/XWALK,100,2011
127,PARK UNAUTH VEH IN HDCPD SPACE,92,2011
128,FAIL PARK/STOP PARALLEL CURB,90,2011
129,PARK VEH PRIVATE PRO NO CONSEN,85,2011
130,STOP-WITHIN SCHOOL BUS LOAD ZN,78,2011
131,PARK VEH TO WASH/GREASE/REPAIR,78,2011
132,PARK-HWY 15M TRM DEAD END ST.,78,2011
133,PARK HWY WITHIN TURNING BASIN,78,2011
134,PARK-SIGNED HWY WITHN TURN BAS,78,2011
135,STOP IN UNDERPASS,78,2011
136,PARK ON-ST DISABLD LDG NO PRMT,75,2011
137,PARK/STOP MORE THAN 30 CM CURB,75,2011
138,STOP ON CENTRE BOULEVARD,68,2011
139,PARK DISABLD LOADING NO PERMIT,53,2011
140,PARK ON MUN PROP NO CONSENT,50,2011
141,STOP RDSD STOPPED/PARKED VEH,49,2011
142,PARK OVERNIGHT NO PERMIT,46,2011
143,PARK VEHICLE-FOR SALE,45,2011
144,PARK TAXI FOR HIRE UNATH LOCAT,45,2011
145,PARK 60 CM OF DRIVEWAY/LANEWAY,44,2011
146,PARK IN DESIGNATED FIRE ROUTE,42,2011
147,STOP WITHIN 9.0 M OF CROSSWALK,42,2011
148,STOP RD SIDE STOPPED/PARKED VE,40,2011
149,STAND VEH - PROHIBITED TIME,39,2011
150,STOP ADJACENT TO CENTRE BLVD,39,2011
151,PARK VEHICLE FOR SALE,38,2011
152,PARK HVY TRUCK DUR PRO TIME,36,2011
153,PARK TAXI-FOR HR-UNATH LOCATN,36,2011
154,PARK STR DISABLD LDG NO DROPOF,35,2011
155,FAIL TO PARK/STOP PARA RGT LMT,34,2011
156,PARK-60CM DRIVE/LANE/RAMP,33,2011
157,PARK/STOP MORE 30CM FROM CURB,32,2011
158,PARK 60CM OF DRIVE/LANE,32,2011
159,PARK VEHICLE -FOR SALE,29,2011
160,PARK NOT WITHIN PERMITTED TIME,28,2011
161,STOP-WITHIN INTERSENTION/XWALK,27,2011
162,PARK ON PRIV PROP NO CONSENT,27,2011
163,STOP/PARK DIS SPACE NO PERMIT,27,2011
164,PARK WITHIN A T-TYPE INTERSECT,26,2011
165,PARK PASSENGER/FREIGHT LOADING,25,2011
166,FAIL TO PARK/STOP PARALLEL-RIG,24,2011
167,PARK/STOP MORE THAN 3O CM CURB,24,2011
168,STOP IN 9.0 M OF CROSSWALK,23,2011
169,PARK PRIVATE PROP NO CONSENT,22,2011
170,PARK-MUNICIPAL PROPERTY,21,2011
171,PARK - 2 SPACES - NO FEE      ,21,2011
172,STOP ON BRIDGE,21,2011
173,PARK DISABLD LDG NOT DROP OFF,21,2011
174,STOP/PARK/LEAVE/STAND CLSD ST,20,2011
175,PARK HWY 30.5 FIREHALL OPP SDE,20,2011
176,STOP ON-STRT DISABLD NO PERMIT,18,2011
177,PARK/STOP OVER 30CM FROM CURB,17,2011
178,FAIL TO PARK/STOP PARALLEL TO,16,2011
179,PARK VEH TO WASH GREASE REPAIR,16,2011
180,PARK ON BOULEVARD,14,2011
181,PARK HWY 7.5M FIRE HALL SM SDE,12,2011
182,PARK VEHICLE PROHIBITED TIME,12,2011
183,STOP IN SCHOOL LOADING ZONE,11,2011
184,PARK HWY 15M OF TERM DEAD END,11,2011
185,STOP - ON CENTRE BOULEVARD,10,2011
186,STOP BSD OBSTRUC IMPEDE TRAFF,10,2011
187,STOP=BSD OBSTR RDWY-IMPEDE TRF,10,2011
188,PARK WITHIN TURNING BASIN,10,2011
189,FAIL TO PARK/STOP NR RGHD HWY,10,2011
190,PARK HWY 30.5M OF INTERSECTION,9,2011
191,PARK-HWY-INTF OF FUNERAL PROC,9,2011
192,STOP ROADSIDE STOPPED VEHICLE,9,2011
193,PARK FAIL TO ATIVATE MACHINE,9,2011
194,PARK VEH WASH GREASE REPAIR,9,2011
195,PARK - METER NOT USED         ,9,2011
196,STOP-BSD EXCA IN RDWY-IMPEDE T,8,2011
197,STOP-BSD EXCAV RDWY-IMPEDE TRF,8,2011
198,Park Prohibited Area No Permit,8,2011
199,PARK VEHICLE - PROHIBITED TIME,8,2011
200,PARK ON HIGHWAY UNDER 6M WIDE,8,2011
201,PARK PASSENGER/FREIGHT LOAD ZO,8,2011
202,PARK 30.5M XWALK OPPOSITE SIDE,7,2011
203,PARK/STAND/STOP NO PERMIT,7,2011
204,STOP BY OBST IN RD IMPEDE TRAF,7,2011
205,PARK EXCEEDS MAXIMUM TIME,7,2011
206,PARK AT METER OVER MAX TIME PE,7,2011
207,ANGLE PARK-METERED SPACE-FRONT,7,2011
208,PARK-HWY-ENTR/EXIT-BLD ENCLSD,7,2011
209,PARK-HWY-15M OF INTERSECTION,7,2011
210,PARK PREVENT REMOVAL OF VEHICL,6,2011
211,PARK SNOW ROUTE,6,2011
212,PARK/LEAVE UNPD PARKING INV,6,2011
213,STOP WITHIN 15.0M OF SAFETY ZN,6,2011
214,PARK HWY 15M END OF D-END ST,6,2011
215,PARK LESS THAN 0.3M FROM WALL,6,2011
216,PARK - FR YARD NO VALID PLATES,6,2011
217,PARK HWY IN T-TYPE INTERSECTIO,6,2011
218,PARK VEH MUN PRO NO CONSENT,5,2011
219,FAIL TO PARK/STOP AS CLOSE AS,5,2011
220,PARK TO WASH/GREASE/REPAIR,5,2011
221,PARK/STOP/STAND FOR VENDING,5,2011
222,PARK DESIGNATED HANDICAP SPACE,5,2011
223,PARK VEH ON ST WITHOUT PERMIT,5,2011
224,STOP SCHOOL BUS LOADING ZONE,5,2011
225,PARK-OTHER THAN METERED SPACE,5,2011
226,STOP-ACROS EXCAV RDWY-IMPEDE T,4,2011
227,PARK - BOULEVD NO VALID PLATES,4,2011
228,PARK - FIRE ROUTE,4,2011
229,STOP ADJACENT TO CENTRE BLVD.,4,2011
230,PARK LOADING ZONE NO PERM TIME,4,2011
231,STOP ADJ TO CENTRE BLVD END,4,2011
232,PARK 15M OF LEVEL RAILWAY CROS,4,2011
233,STOP - ON CENTRE STRIP,4,2011
234,PARK VEHICLE/MOTORCYCLE WITHIN,4,2011
235,PARK PROH TIME SCOLLARD ST,4,2011
236,PARK SIGNED TAXICAB STAND,4,2011
237,PARK-HWY-15M TERM DEAD END ST,3,2011
238,PARK VEH OUT DESIG METER SPACE,3,2011
239,PARK VEHICLE LONGER THAN 24HR,3,2011
240,PARK/LEAVE BUS CONTR. TO SIGN,3,2011
241,PARK VEH BEYOND DESIG AREA,3,2011
242,PARK VEHICLE ON BOULEVARD,3,2011
243,PARK-FAIL TO ACTIVATE MACHINE ,3,2011
244,PARK-60CM OF DRIVEWAY/LANEWAY,3,2011
245,PARK VEHICLE/MOTORCYCLE .3M S,3,2011
246,PARK TAXI FOR HIRE UNAUTH LOC,3,2011
247,STOP ACRS OBSTR RDWY IMPED TRF,3,2011
248,STOP - IN UNDERPASS,3,2011
249,PARK 30.5M BEFORE SIGNL CROSS,3,2011
250,STOP WITHIN 15M OF SAFETY ZONE,3,2011
251,STOP/STAND/PARK VEND NO PERMIT,3,2011
252,STOP/STAND/PARK NOT DESIG AREA,3,2011
253,PARK ON MUN PROP WITHOUT CONSE,3,2011
254,STOP AJD TO CENTRE BLVD END,2,2011
255,PARK PREVENT REMOVAL VEHICLE,2,2011
256,PARK-HWY-WITHIN T-TYPE INTRSCT,2,2011
257,FAIL PARK/STOP PARA LFT LMT HW,2,2011
258,STOP-ADJ TO CNTR BLVD.,2,2011
259,STOP VEH TO VEND OVER 1 HR 1AR,2,2011
260,PARK-ON HWY UNDER 6M WIDE,2,2011
261,STAND VEH HWY 18.5M PAST BUS,2,2011
262,STAND VEHICLE-SIGNED HIGHWAY,2,2011
263,PARK-PASSNG/FREIGHT LOADING ZN,2,2011
264,FAIL TO ANGLE PARK/STOP DES SP,2,2011
265,PARK ON PRIV PROP WITHOUT CONS,2,2011
266,STOP ADJ TO CTR BLVD-END,2,2011
267,STOP-ON BRIDGE,2,2011
268,PARK SIGNED HWY BY TURNING BAS,2,2011
269,FAIL TO PK/ST CLOSE LH LIM HWY,2,2011
270,PARK HWY 15 M OF INTERSECTION,2,2011
271,PARK LT 0.3M FROM WINDOW,2,2011
272,PARK VEHICLE/MOTORCYCLE .3M WL,2,2011
273,PARALLEL PARK-METERED SPACE-RE,2,2011
274,PARK-ALONGSIDE RAILWAY TRACKS,1,2011
275,STAND SIGNED TAXI CAB STAND,1,2011
276,PARALLEL PARK-METERED SPACE-F,1,2011
277,PARALLEL PARK METERED SPACE RE,1,2011
278,PAR PARK-R OF VEH NOT OPP MTR,1,2011
279,STOP-ACR EXCAV RDWY-IMPEDE TRF,1,2011
280,STOP-ADJ TO CENTRE STRIP,1,2011
281,STOP-ADJACENT TO CENTRE STRIP,1,2011
282,STOP-BESIDE SAFETY ZONE,1,2011
283,LEAVE IN PARK NOT DESIG AREA,1,2011
284,STOP-WITHIN 15.0M OF SAFETY ZN,1,2011
285,FAIL TO PARK/STOP AS NEAR AS P,1,2011
286,PARK-HWY WITHIN TURING BASIN,1,2011
287,FAIL PARK/STOP RH LIMIT OF HWY,1,2011
288,STOP/STAND/PARK - NO VEND ZONE,1,2011
289,PARK-HWY-ENTR/EXIT BLDG ENCLSD,1,2011
290,PARK HIRED CAB UNAUTH LOCATION,1,2011
291,PARK-2 SPACES-NO FEE-MTR/MACH,1,2011
292,PARK-OVER TIME LIMIT,1,2011
293,STAND SNOW ROUTE,1,2011
294,PARK SIGNALZD XWALK 15M SM SDE,1,2011
295,STAND VEH HWY 15M PAST ST CAR,1,2011
296,STAND VEH HWY 18.5 PAST BUS ST,1,2011
297,PARK ON TRACK ON SNOW ROUTE,1,2011
298,PARK ON SIDE PROH DAY TO SIGN,1,2011
299,STAND VEHICLE SIGNED HIGHWAY 2,1,2011
300,PARK NORTH SIDE FARNHAM AVENUE,1,2011
301,PARK MTR REC VE NOT DESIG AREA,1,2011
302,PARK-FEE NOT PD FOR TIME USED ,1,2011
303,PARK LT 0.3M FROM SIDEWALK,1,2011
304,PARK LT 0.3M FROM BOTTOM STEP,1,2011
305,PARK TAXI FOR HIRE UNAUTH LOCA,1,2011
306,STOP ADJACENT TO CENTRE STRIP,1,2011
307,PARK UNATH VEH IN DES PARK SPC,1,2011
308,PARK IN DESIGNATED FIRE ROUTES,1,2011
309,PARK IN 30.5M SIGNAL X WALK,1,2011
310,PARK UNAUTH VEH DES PARK AREA,1,2011
311,PARK HWY 7.5M OF FIREHALL SAME,1,2011
312,PARK HWY 7.5M FIREHALL SIDE,1,2011
313,PARK/STOP MORE THAN 30 CM FROM,1,2011
314,STOP IN 15.0 M OF SAFETY ZONE,1,2011
315,STOP IN INTERSECTION/CROSSWALK,1,2011
316,PARK HWY 15 M OF TERM DEAD END,1,2011
317,PARK PREVENT REMOVE PRE PARK V,1,2011
318,PARK VEH-TO WASH/GREASE/REPAIR,1,2011
319,PARK AUTOMOBILE - IN SPACE,1,2011
320,PARK-FRONT OF VEH NOT OPP MTR,1,2011
0,PARK PROHIBITED TIME NO PERMIT,428459,2012
1,PARK HWY PROHIBED TIME/DAY,370808,2012
2,PARK FAIL TO DISPLAY RECEIPT,341828,2012
3,PARK/LEAVE ON PRIVATE PROPERTY,332709,2012
4,PARK FAIL TO DEP. FEE MACHINE,226683,2012
5,PARK-HWY DRNG PROH TIMES/DAYS,104625,2012
6,STOP HWY PROHIBITED TIME/DAY,104556,2012
7,PARK HWY IN EXCESS PRMTD TIME,78527,2012
8,PARK LONGER THAN 3 HOURS,76466,2012
9,STD VEH HWY PROHIB TIME/DAY,69418,2012
10,STOP-HWY-PROHIBITED TIMES/DAYS,64990,2012
11,PARK HWY AT PROHIB TIME/DAY,42379,2012
12,STAND VEH-HWY-PROH TIME/DAYS,35148,2012
13,PARK ON   2AM-6AM DEC 1-MAR 31,34720,2012
14,PARK OVER 3 HOURS,32540,2012
15,PARK 3M OF FIRE HYDRANT,30981,2012
16,PARK IN PUBLIC LANE,24246,2012
17,STOP ON/OVER SIDEWALK/FOOTPATH,23052,2012
18,PARK IN A FIRE ROUTE,21410,2012
19,PARKING MACH-NOT USED/NO FEE  ,19502,2012
20,STAND SIGNED TRANSIT STOP,18418,2012
21,PARK-HWY PROHIB TIMES/DAYS,18345,2012
22,PARK - ON BOULEVARD,16383,2012
23,PARK-PASSENGER/FREIGHT LOADING,16327,2012
24,PARK HWY EXCESS OF PERM TIME,14043,2012
25,PARK 9M OF INTERSCTING HIGHWAY,13561,2012
26,STOP VEH OTR THN BCYCL-BYCL LN,12955,2012
27,PARK HWY PROHIBITED TIMES/DAYS,12525,2012
28,PARK HWY PRO TIMES/DAYS,12058,2012
29,PARK/LEAVE ON MUNICIPAL PRPTY,10436,2012
30,STOP HWY PROHIB TIME/DAY,10044,2012
31,PARK SIGNED HWY PRO TIMES/DAYS,9032,2012
32,PARK-FAIL TO DISPLAY PERMIT,7498,2012
33,PARK IN PARK NOT IN DESIG AREA,5999,2012
34,PARK-LONGER THAN 3 HOURS,5803,2012
35,PARK - 3M OF FIRE HYDRANT,5794,2012
36,PARK - NOT WITHIN PERIOD  ,4881,2012
37,STAND SIGNED TAXICAB STAND,4860,2012
38,PARK-HWY EXCESS PERMTD TIME,4738,2012
39,FAIL TO PARK/STOP PARA TO CURB,4726,2012
40,PARK IN DISABLED NO PERMIT,3888,2012
41,PARK OBSTRUCT DRIVEWAY/LANEWAY,3644,2012
42,PARK CONTRARY POSTED CONDITION,3222,2012
43,PARK FAIL TO DEPOSIT FEE METER,3168,2012
44,STAND ON-ST DISABL LDG NO PRMT,2958,2012
45,PARK ON-STRT DISABLD NO PERMIT,2806,2012
46,PARK AT EXPIRED METER,2349,2012
47,STAND VEH HWY PROHIB TIME/DAY,2187,2012
48,PARK-HWY-EXCESS PERMITTED TIME,2070,2012
49,FAIL TO PARK/STOP PARA RTHD HW,2017,2012
50,STOP ROADSDE STOPPED/PARKED VE,1938,2012
51,STOP HWY PROHIBITED TIMES/DAYS,1860,2012
52,PARK - BETWEEN ROAD & SIDEWALK,1761,2012
53,PARK HWY OVER PERMITTED TIME,1751,2012
54,STOP - WITHIN 9.0M OF XWALK,1596,2012
55,PARK SIGNED HWY EXCESS OF TIME,1580,2012
56,STOP ON/OVER SIDEWALK/PATH,1579,2012
57,STAND VEH HWY PRO TIMES/DAYS,1504,2012
58,PARK 3 M OF FIRE HYDRANT,1482,2012
59,PARK VEHICLE IN CAR-SHARE AREA,1469,2012
60,STOP SIGNED HWY PRO TIMES/DAYS,1441,2012
61,STOP HWY PRO TIME/DAYS,1328,2012
62,PARK VEHICLE OUTSIDE OF SPACE ,1220,2012
63,STAND VEH HWY PRO TIME/DAY,1123,2012
64,PARK-SIGNED TAXICAB STAND,1097,2012
65,STAND STR DISABL LDG NO DROPOF,991,2012
66,PARK-3M OF FIRE HYDRANT,971,2012
67,PARK - 9M OF INTERSECTING HWY,835,2012
68,STOP-ON/OVER SIDEWALK/FOOTPATH,816,2012
69,FAIL TO PARK/STOP PARA RH HWY,808,2012
70,PARK HWY WITHN T-TYPE INTERSCT,731,2012
71,STAND BUS PROHIBITED TIME,710,2012
72,PARK 9 M OF INTERSECTING HWY,702,2012
73,FAIL TO PARK/STOP PAR TO CURB,671,2012
74,FAIL PARK/STOP PAR RT HAND LTD,671,2012
75,FAIL PARK/STOP PAR RH LTD HWY,633,2012
76,STAND VEH-HWY-PROH TIMES/DAYS,627,2012
77,PARK 9M OF INTERSECTING HWY,531,2012
78,PARK VEHICLE ON ROADWAY,518,2012
79,PARK - 3 M OF FIRE HYDRANT,483,2012
80,PARK-FAIL TO DEPOSIT FEE METER,483,2012
81,STAND SIGN HWY PRO TIMES/DAYS,466,2012
82,STOP RDSDE STOPPED/PARKED VEH,452,2012
83,PARK VEHICLE WHILE NOT IN PARK,424,2012
84,PARK-9M OF INTERSECTING HWY,403,2012
85,STAND ON-STRT DISABL NO PERMIT,398,2012
86,PARK/LEAVE CONTRARY TO SIGN,383,2012
87,PARK 60CM OF DRIVEWAY/LANEWAY,377,2012
88,PARK TRUCK HWY NO PERM TIME/DA,360,2012
89,PARK IN DISABLED NOT DROP OFF,354,2012
90,FAIL TO PARK/STOP PARALLEL CUR,304,2012
91,PARK FAIL TO DEP FEE IN METER,287,2012
92,PARK HVY TRK HWY TIMES/DAYS,280,2012
93,PARK OBSTRUCT DRIVE/LANE,268,2012
94,PARK BUS PROHIBITED TIME,266,2012
95,PARK HVY TRU NOT PER  TIME/DAY,264,2012
96,PARK-OBS DRIVEWAY/LANEWAY/RAMP,251,2012
97,STAND DISABLD LDG NOT DROP OFF,243,2012
98,PARK - OBSTRUCT DRIVEWAY/LANE,219,2012
99,PARK HEAVY TRUCK-SIGNED HIGHWA,213,2012
100,STAND IN DISABLED NOT DROP OFF,212,2012
101,PARK ON HWY UNDER 6M WIDE,210,2012
102,STOP WITHIN 9M OF CROSSWALK,195,2012
103,PARK HVY TRK HWY PRO TIME/DAY,187,2012
104,STOP IN UNDERPASS,185,2012
105,PARK VEHICLE - FOR SALE,185,2012
106,FAIL TO PARK/STOP PARALLEL RIG,179,2012
107,PARK/STOP OVER 30 CM FROM CURB,171,2012
108,STOP/PARK/LEAVE/STAND CLSD ST,165,2012
109,STOP ADJ TO CENTRE BOULEVARD,165,2012
110,STAND VEHICLE WHERE PROHIBITED,155,2012
111,PARK/LEAVE-FIRE ROUTE,130,2012
112,STOP-WITHIN 9.0M OF CROSSWALK,128,2012
113,PARK ON-ST DISABLD LDG NO PRMT,123,2012
114,STOP BUS PROHIBITED TIME,122,2012
115,STAND DISABL LOADING NO PERMIT,122,2012
116,STOP-WITHIN SCHOOL BUS LOAD ZN,120,2012
117,STOP ON CENTRE STRIP,117,2012
118,PARK HWY 15M OF INTERSECTION,114,2012
119,PARK ON MUN PROP NO CONSENT,114,2012
120,PARK-HWY 15M TRM DEAD END ST.,113,2012
121,STOP/STAND/PARK VEND CONT ZONE,106,2012
122,PARK OTHER THAN METERED SPACE,104,2012
123,PARK-ISSUED CARD NOT DISPLAYED,99,2012
124,STOP WITHIN INTERSECTION/XWALK,99,2012
125,PARK-OBSTRUCT DRIVEWAY/LANEWAY,96,2012
126,STOP SIDE STOPPED/PARKED VEH,79,2012
127,STOP BSD OBSTR RDWY-IMPEDE TRF,79,2012
128,PARK - SIGNED TAXICAB STAND,77,2012
129,PARK - ON FRONT YARD,71,2012
130,PARK UNAUTH VEH IN HDCPD SPACE,70,2012
131,STOP ON CENTRE BOULEVARD,64,2012
132,STAND IN DISABLED NO PERMIT,63,2012
133,PARK HVY TRUCK DUR PRO TIME,61,2012
134,STOP RD SIDE STOP/PARKED VEH,57,2012
135,STOP RD SIDE STOPPED/PARKED VE,56,2012
136,PARK VEHICLE FOR SALE,54,2012
137,PARK HWY 30.5 FIREHALL OPP SDE,54,2012
138,STOP ADJACENT TO CENTRE BLVD,53,2012
139,PARK/STOP MORE 30CM FROM CURB,53,2012
140,PARK HWY WITHIN TURNING BASIN,50,2012
141,STOP IN INTERSECTION/CROSSWALK,48,2012
142,FAIL TO PARK/STOP PARA RGT LMT,47,2012
143,PARK NOT WITHIN PERMITTED TIME,47,2012
144,PARK HWY WITHIN T-TYPE INTERS,46,2012
145,PARK VEHICLE-FOR SALE,45,2012
146,PARK STR DISABLD LDG NO DROPOF,40,2012
147,PARK-SIGNED HWY WITHN TURN BAS,39,2012
148,PARK 60 CM OF DRIVEWAY/LANEWAY,39,2012
149,PARK/STOP MORE THAN 30 CM CURB,38,2012
150,FAIL PARK/STOP PARALLEL CURB,37,2012
151,PARK 60CM OF DRIVE/LANE,36,2012
152,PARK HWY 30.5M OF INTERSECTION,31,2012
153,PARK HWY 15M END OF D-END ST,29,2012
154,PARK PRIVATE PROP NO CONSENT,29,2012
155,PARK-60CM DRIVE/LANE/RAMP,29,2012
156,PARK DISABLD LOADING NO PERMIT,29,2012
157,PARK-MUNICIPAL PROPERTY,28,2012
158,STOP WITHIN 9.0 M OF CROSSWALK,27,2012
159,STOP/PARK DIS SPACE NO PERMIT,27,2012
160,PARK ON HIGHWAY UNDER 6M WIDE,24,2012
161,PARK DISABLD LDG NOT DROP OFF,23,2012
162,PARK-HWY-15M TERM DEAD END ST,23,2012
163,STOP ON-STRT DISABLD NO PERMIT,23,2012
164,STOP-WITHIN INTERSENTION/XWALK,22,2012
165,PARK VEH TO WASH/GREASE/REPAIR,22,2012
166,PARK - 2 SPACES - NO FEE      ,22,2012
167,FAIL TO PARK/STOP PARALLEL-RIG,21,2012
168,STOP ON BRIDGE,21,2012
169,PARK PASSENGER/FREIGHT LOADING,21,2012
170,PARK HWY 15M OF TERM DEAD END,20,2012
171,PARK-ON HIGHWAY UNDER 6M WIDE,18,2012
172,STOP IN 9.0 M OF CROSSWALK,18,2012
173,PARK VEH MUN PRO NO CONSENT,18,2012
174,STOP ADJ TO END OF CENTRE STRI,17,2012
175,PARK TAXI-FOR HR-UNATH LOCATN,17,2012
176,PARK HWY 7.5M FIRE HALL SM SDE,16,2012
177,PARK-HWY-30.5M FRHALL OPP SIDE,16,2012
178,PARK-HWY-30.5M SGNLZD INTRSCTN,15,2012
179,PARK TAXI FOR HIRE UNATH LOCAT,15,2012
180,PARK VEHICLE -FOR SALE,15,2012
181,FAIL TO PARK/STOP NR RGHD HWY,14,2012
182,STOP - ON CENTRE STRIP,14,2012
183,PARK ON PRIV PROP NO CONSENT,14,2012
184,FAIL TO PARK/STOP PARALLEL TO,14,2012
185,STOP RDSD STOPPED/PARKED VEH,14,2012
186,PARK/STAND/STOP NO PERMIT,14,2012
187,PARK OVERNIGHT NO PERMIT,12,2012
188,STOP-ADJACENT TO CENTRE STRIP,12,2012
189,STOP ROADSIDE STOPPED VEHICLE,11,2012
190,PARK/STOP OVER 30CM FROM CURB,11,2012
191,STOP-ON BRIDGE,11,2012
192,PARK-FAIL TO ACTIVATE MACHINE ,10,2012
193,STOP-ACROS EXCAV RDWY-IMPEDE T,10,2012
194,STOP-BSD EXCA IN RDWY-IMPEDE T,10,2012
195,PARK 15M PAST SIGNL CROSSWALK,10,2012
196,PARK PASSENGER/FREIGHT LOAD ZO,10,2012
197,PARK IN DESIGNATED FIRE ROUTE,9,2012
198,PARK MORE THAN 7DAYS NO PERMIT,9,2012
199,PARK/LEAVE BUS CONTR. TO SIGN,9,2012
200,STOP IN SCHOOL LOADING ZONE,9,2012
201,PARK VEH WASH GREASE REPAIR,8,2012
202,FAIL PARK/STOP PARA LFT LMT HW,8,2012
203,PARK PROH TIME SCOLLARD ST,7,2012
204,FAIL TO PARK/STOP AS CLOSE AS,7,2012
205,PARK PREVENT REMOVAL OF VEHICL,6,2012
206,STOP/STAND/PARK - NO VEND ZONE,6,2012
207,PARK FAIL TO ATIVATE MACHINE,6,2012
208,PARK ON TRACK ON SNOW ROUTE,6,2012
209,STOP-WITHIN INTERSECTION/XWALK,6,2012
210,STOP-ADJ TO CNTR BLVD.,6,2012
211,PARK VEHICLE PROHIBITED TIME,6,2012
212,STOP/STAND/PARK VEND NO PERMIT,5,2012
213,PARK WITHIN A T-TYPE INTERSECT,5,2012
214,PARK/STOP MORE THAN 3O CM CURB,5,2012
215,PARK WITHIN TURNING BASIN,5,2012
216,PARK 30.5M XWALK OPPOSITE SIDE,5,2012
217,PARK - BOULEVD NO VALID PLATES,5,2012
218,PARK-HWY-INTF OF FUNERAL PROC,5,2012
219,PARK-HWY-30.5M SIGNLZD INTERSC,5,2012
220,STOP - ON CENTRE BOULEVARD,4,2012
221,STOP - IN UNDERPASS,4,2012
222,STOP - 0N CENTRE BOULEVARD,4,2012
223,PARK VEH PRIVATE PRO NO CONSEN,4,2012
224,FAIL TO PARK/STOP PARALLEL -LF,4,2012
225,PARK-60CM OF DRIVEWAY/LANEWAY,4,2012
226,STOP-BSD OBSTR RDWY-IMPEDE TRF,4,2012
227,STOP-BSD EXCAV RDWY-IMPEDE TRF,4,2012
228,STOP-ADJ TO CENTRE STRIP,4,2012
229,STOP SCHOOL BUS LOADING ZONE,4,2012
230,STOP ADJ TO CTR BLVD-END,4,2012
231,PARK SIGNED TAXICAB STAND,3,2012
232,PARK VEH ON ST WITHOUT PERMIT,3,2012
233,STOP BY OBST IN RDWY IMPEDE TR,3,2012
234,STOP-ADJ TO CTRE BLVD-END,3,2012
235,PARK LT 0.3M FROM WINDOW,3,2012
236,PARK HWY 15 M OF INTERSECTION,3,2012
237,PARK-F OF VEH TOO FAR FROM MTR,3,2012
238,STAND VEHICLE-SIGNED HIGHWAY,3,2012
239,STOP ADJ TO CENTRE BLVD END,2,2012
240,PARK ON BOULEVARD,2,2012
241,PARK-HWY-15M OF INTERSECTION,2,2012
242,STAND VEHICLE UNATTENDED,2,2012
243,PARK-HWY-WITHIN T-TYPE INTERSC,2,2012
244,PARK 30.5M BEFORE SIGNL CROSS,2,2012
245,PARK-HWY-WITHIN T-TYPE INTRSCT,2,2012
246,PARK-ON HWY UNDER 6M WIDE,2,2012
247,PARK - FIRE ROUTE,2,2012
248,PARK-OTHER THAN METERED SPACE,2,2012
249,PARK LT 0.3M FROM SIDEWALK,2,2012
250,PARK/LEAVE UNPD PARKING INV,2,2012
251,PARK EXCEEDS MAXIMUM TIME,2,2012
252,STOP WITHIN 15.0M OF SAFETY ZN,2,2012
253,PARALLEL PARK-METERED SPACE-FR,2,2012
254,PARK TAXI FOR HIRE UNAUTH LOC,2,2012
255,PARK VEH BEYOND DESIG AREA,2,2012
256,PARK VEHICLE/MOTORCYCLE WITHIN,2,2012
257,PARK-2 SPACES-NO FEE-MTR/MACH,2,2012
258,PARK VEHICLE - PROHIBITED TIME,2,2012
259,PAR PARK-R OF VEH NOT OPP MTR,2,2012
260,STOP ADJACENT TO CENTRE BLVD.,2,2012
261,STOP ADJCNT TO CENTRE BLVD.,2,2012
262,PARK HIRED CAB UNAUTH LOCATION,2,2012
263,STOP IN INTERSEC/CROSSWALK,2,2012
264,PARK AUTOMOBILE - IN SPACE,1,2012
265,STOP-ACRS EXCAV RDWY-IMPEDE TR,1,2012
266,STOP-WITHIN 15.0M OF SAFETY ZN,1,2012
267,FAIL TO PARK PARA LEFT CURB,1,2012
268,PAR PARK - F TIRES NOT OPP MTR,1,2012
269,STOP-ADJ TO END OF CENTR STRIP,1,2012
270,LEAVE OVERNIGHT WITHOUT PERMIT,1,2012
271,PARK - METER NOT USED         ,1,2012
272,STOP-ON ELEVATED STRUCTURE,1,2012
273,FAIL TO PARK/STOP 45 DEG ANGLE,1,2012
274,LEAVE IN PARK NOT DESIG AREA,1,2012
275,PARK - FR YARD NO VALID PLATES,1,2012
276,PARK/STOP/STAND FOR VENDING,1,2012
277,PARK HWY 30.5 M OF SIGNAL INT,1,2012
278,PARK VEHICLE ON BOULEVARD,1,2012
279,STAND VEH HWY 30.5 BUS STOP,1,2012
280,PARK-HWY-INTFR FORM FUNRL PROC,1,2012
281,STAND VEHICLE SIGNED HIGHWAY 2,1,2012
282,STAND VEHICLE-SIGNED HIGHWAY-3,1,2012
283,STAND VEHICLE-SIGNED HIGHWAY-W,1,2012
284,PARK-HWY WITHIN TURING BASIN,1,2012
285,PARK-FRONT OF VEH NOT OPP MTR,1,2012
286,STOP ACRS OBSTR RDWY IMPED TRF,1,2012
287,STOP BY EXCAV IN RD IMPEDE TRA,1,2012
288,FAIL ANGLE PARK/STOP-DSGNTD SP,1,2012
289,PARK UNAUTH VEH DES PARK AREA,1,2012
290,PARK IN 30.5M SIGNAL X WALK,1,2012
291,PARK TO WASH/GREASE/REPAIR,1,2012
292,PARK SIGNED HWY BY TURNING BAS,1,2012
293,PARK SIGNALZD XWALK 15M SM SDE,1,2012
294,PARK PRO VEH ON PEDESTRIAN WAY,1,2012
295,PARK ON-STREET HANDICAP SPACE,1,2012
296,STOP PROH TIME MAITLAND ST.,1,2012
297,PARK ON PRIV PROP WITHOUT CONS,1,2012
298,PARK MOTORCYCLE - IN SPACE,1,2012
299,PARK METERED SPACE PARK LOT,1,2012
300,PARK LESS THAN 0.3M FROM WALL,1,2012
301,ANGLE PARK-METERED SPACE-FRONT,1,2012
0,PARK PROHIBITED TIME NO PERMIT,406434,2013
1,PARK HWY PROHIBED TIME/DAY,355563,2013
2,PARK FAIL TO DISPLAY RECEIPT,339508,2013
3,PARK/LEAVE ON PRIVATE PROPERTY,299984,2013
4,PARK FAIL TO DEP. FEE MACHINE,209705,2013
5,STOP HWY PROHIBITED TIME/DAY,103190,2013
6,PARK-HWY DRNG PROH TIMES/DAYS,98455,2013
7,PARK LONGER THAN 3 HOURS,78311,2013
8,PARK HWY IN EXCESS PRMTD TIME,72421,2013
9,STD VEH HWY PROHIB TIME/DAY,68606,2013
10,STOP-HWY-PROHIBITED TIMES/DAYS,63806,2013
11,PARK HWY AT PROHIB TIME/DAY,40533,2013
12,PARK OVER 3 HOURS,33772,2013
13,STAND VEH-HWY-PROH TIME/DAYS,32675,2013
14,PARK ON   2AM-6AM DEC 1-MAR 31,29659,2013
15,PARK 3M OF FIRE HYDRANT,29355,2013
16,STOP ON/OVER SIDEWALK/FOOTPATH,23530,2013
17,PARK IN PUBLIC LANE,21961,2013
18,PARK IN A FIRE ROUTE,21456,2013
19,PARK-HWY PROHIB TIMES/DAYS,19464,2013
20,STAND SIGNED TRANSIT STOP,18257,2013
21,PARKING MACH-NOT USED/NO FEE  ,17860,2013
22,PARK - ON BOULEVARD,15094,2013
23,PARK 9M OF INTERSCTING HIGHWAY,13957,2013
24,PARK-PASSENGER/FREIGHT LOADING,13866,2013
25,PARK HWY EXCESS OF PERM TIME,12706,2013
26,PARK HWY PROHIBITED TIMES/DAYS,11553,2013
27,PARK HWY PRO TIMES/DAYS,9843,2013
28,STOP HWY PROHIB TIME/DAY,9439,2013
29,PARK SIGNED HWY PRO TIMES/DAYS,9142,2013
30,PARK/LEAVE ON MUNICIPAL PRPTY,7662,2013
31,PARK-FAIL TO DISPLAY PERMIT,7161,2013
32,PARK-LONGER THAN 3 HOURS,6915,2013
33,STOP VEH OTR THN BCYCL-BYCL LN,6723,2013
34,PARK - 3M OF FIRE HYDRANT,5588,2013
35,FAIL TO PARK/STOP PARA TO CURB,5048,2013
36,PARK-HWY EXCESS PERMTD TIME,5036,2013
37,PARK IN PARK NOT IN DESIG AREA,4177,2013
38,STAND SIGNED TAXICAB STAND,3935,2013
39,PARK OBSTRUCT DRIVEWAY/LANEWAY,3895,2013
40,PARK CONTRARY POSTED CONDITION,3117,2013
41,STND ONSTRT ACCESSIBLE NO PRMT,2933,2013
42,PARK - NOT WITHIN PERIOD  ,2836,2013
43,PARK IN ACCESSIBLE NO PERMIT,2680,2013
44,PARK FAIL TO DEPOSIT FEE METER,2590,2013
45,PARK ONSTRT ACCESSIBLE NO PRMT,2303,2013
46,PARK-HWY-EXCESS PERMITTED TIME,2105,2013
47,STAND VEH HWY PRO TIMES/DAYS,1998,2013
48,PARK VEHICLE IN CAR-SHARE AREA,1949,2013
49,STOP HWY PROHIBITED TIMES/DAYS,1858,2013
50,STAND VEH HWY PROHIB TIME/DAY,1796,2013
51,STOP ROADSDE STOPPED/PARKED VE,1789,2013
52,PARK VEHICLE ON ROADWAY,1696,2013
53,PARK VEHICLE OUTSIDE OF SPACE ,1696,2013
54,STOP ON/OVER SIDEWALK/PATH,1657,2013
55,FAIL TO PARK/STOP PARA RTHD HW,1650,2013
56,STOP SIGNED HWY PRO TIMES/DAYS,1586,2013
57,PARK HWY OVER PERMITTED TIME,1528,2013
58,PARK - BETWEEN ROAD & SIDEWALK,1525,2013
59,PARK 3 M OF FIRE HYDRANT,1486,2013
60,PARK SIGNED HWY EXCESS OF TIME,1471,2013
61,STOP - WITHIN 9.0M OF XWALK,1348,2013
62,PARK AT EXPIRED METER,1116,2013
63,PARK-3M OF FIRE HYDRANT,1089,2013
64,STOP HWY PRO TIME/DAYS,1047,2013
65,STAND BUS PROHIBITED TIME,1005,2013
66,STOP-ON/OVER SIDEWALK/FOOTPATH,1000,2013
67,PARK - 9M OF INTERSECTING HWY,936,2013
68,PARK HWY WITHN T-TYPE INTERSCT,894,2013
69,STAND VEH-HWY-PROH TIMES/DAYS,883,2013
70,PARK-SIGNED TAXICAB STAND,869,2013
71,PARK 9 M OF INTERSECTING HWY,837,2013
72,PARK-FEE NOT PD FOR TIME USED ,835,2013
73,PARK IN DISABLED NO PERMIT,796,2013
74,STAND VEH HWY PRO TIME/DAY,778,2013
75,FAIL TO PARK/STOP PAR TO CURB,747,2013
76,STND ONSTRT ACCESSIBLE NOT D/O,712,2013
77,FAIL TO PARK/STOP PARA RH HWY,694,2013
78,STAND SIGN HWY PRO TIMES/DAYS,628,2013
79,PARK 9M OF INTERSECTING HWY,610,2013
80,FAIL PARK/STOP PAR RH LTD HWY,572,2013
81,PARK - 3 M OF FIRE HYDRANT,555,2013
82,STAND ON-ST DISABL LDG NO PRMT,555,2013
83,FAIL TO PARK/STOP PARALLEL CUR,520,2013
84,PARK-9M OF INTERSECTING HWY,517,2013
85,PARK TRUCK HWY NO PERM TIME/DA,501,2013
86,STOP RDSDE STOPPED/PARKED VEH,474,2013
87,PARK ON-STRT DISABLD NO PERMIT,442,2013
88,PARK 60CM OF DRIVEWAY/LANEWAY,418,2013
89,STAND VEHICLE WHERE PROHIBITED,415,2013
90,FAIL PARK/STOP PAR RT HAND LTD,412,2013
91,STND ACCESSIBLE LOAD NOT DRP/O,405,2013
92,PARK HVY TRK HWY TIMES/DAYS,397,2013
93,PARK VEHICLE WHILE NOT IN PARK,352,2013
94,PARK OBSTRUCT DRIVE/LANE,336,2013
95,PARK-FAIL TO DEPOSIT FEE METER,300,2013
96,PARK-OBS DRIVEWAY/LANEWAY/RAMP,264,2013
97,PARK/LEAVE CONTRARY TO SIGN,263,2013
98,STOP BSD OBSTR RDWY-IMPEDE TRF,260,2013
99,PARK FAIL TO DEP FEE IN METER,252,2013
100,PARK HVY TRU NOT PER  TIME/DAY,245,2013
101,PARK BUS PROHIBITED TIME,241,2013
102,PARK HWY 15M OF INTERSECTION,237,2013
103,PARK - OBSTRUCT DRIVEWAY/LANE,231,2013
104,PARK HEAVY TRUCK-SIGNED HIGHWA,222,2013
105,PARK HVY TRK HWY PRO TIME/DAY,221,2013
106,PARK ON HWY UNDER 6M WIDE,208,2013
107,PARK/STOP OVER 30 CM FROM CURB,208,2013
108,STAND STR DISABL LDG NO DROPOF,205,2013
109,PARK HWY 30.5 FIREHALL OPP SDE,201,2013
110,FAIL TO PARK/STOP PARALLEL RIG,181,2013
111,STOP IN UNDERPASS,175,2013
112,STAND ACCESSIBLE NOT DROP OFF,161,2013
113,STOP ON CENTRE BOULEVARD,153,2013
114,STOP-ADJACENT TO CENTRE STRIP,145,2013
115,PARK PASSENGER/FREIGHT LOADING,133,2013
116,STOP WITHIN 9M OF CROSSWALK,132,2013
117,PARK HVY TRUCK DUR PRO TIME,130,2013
118,PARK VEHICLE - FOR SALE,127,2013
119,STOP ON CENTRE STRIP,126,2013
120,STOP ADJ TO CENTRE BOULEVARD,121,2013
121,PARK-HWY 15M TRM DEAD END ST.,120,2013
122,STND ACCESSIBLE LOAD NO PERMIT,118,2013
123,PARK ACCESSIBLE NOT DROP OFF,116,2013
124,PARK-OBSTRUCT DRIVEWAY/LANEWAY,114,2013
125,STOP BUS PROHIBITED TIME,106,2013
126,STOP WITHIN INTERSECTION/XWALK,103,2013
127,STOP-WITHIN 9.0M OF CROSSWALK,100,2013
128,STAND DISABLD LDG NOT DROP OFF,100,2013
129,STOP=BSD OBSTR RDWY-IMPEDE TRF,82,2013
130,PARK/LEAVE-FIRE ROUTE,81,2013
131,STOP-WITHIN SCHOOL BUS LOAD ZN,80,2013
132,PARK IN DISABLED NOT DROP OFF,79,2013
133,STOP/STAND/PARK VEND CONT ZONE,78,2013
134,STOP/PARK/LEAVE/STAND CLSD ST,75,2013
135,STOP SIDE STOPPED/PARKED VEH,75,2013
136,PARK-ISSUED CARD NOT DISPLAYED,74,2013
137,PARK HWY WITHIN TURNING BASIN,72,2013
138,PARK ON PRIV PROP NO CONSENT,69,2013
139,STOP RD SIDE STOP/PARKED VEH,68,2013
140,PARK HWY 30.5M OF INTERSECTION,66,2013
141,FAIL TO PARK/STOP PARALLEL TO,66,2013
142,PARK - SIGNED TAXICAB STAND,65,2013
143,STAND IN ACCESSIBLE NO PERMIT,64,2013
144,STAND ON-STRT DISABL NO PERMIT,60,2013
145,STOP ADJ TO END OF CENTRE STRI,58,2013
146,FAIL PARK/STOP PARALLEL CURB,56,2013
147,PARK OTHER THAN METERED SPACE,53,2013
148,PARK/STOP MORE THAN 30 CM CURB,48,2013
149,PARK-SIGNED HWY WITHN TURN BAS,46,2013
150,PARK ACCESSIBLE LOAD NO PERMIT,46,2013
151,STOP ADJACENT TO CENTRE BLVD,45,2013
152,PARK TAXI-FOR HR-UNATH LOCATN,45,2013
153,PARK 30.5M BEFORE SIGNL CROSS,44,2013
154,PARK 60 CM OF DRIVEWAY/LANEWAY,40,2013
155,PARK/STOP MORE 30CM FROM CURB,39,2013
156,STOP IN INTERSECTION/CROSSWALK,39,2013
157,PARK VEHICLE FOR SALE,39,2013
158,PARK 60CM OF DRIVE/LANE,39,2013
159,PARK UNAUTH VEH IN HDCPD SPACE,39,2013
160,STOP WITHIN 9.0 M OF CROSSWALK,38,2013
161,FAIL TO PARK/STOP PARA RGT LMT,38,2013
162,STAND DISABL LOADING NO PERMIT,38,2013
163,STAND IN DISABLED NOT DROP OFF,37,2013
164,PARK-HWY-30.5M SIGNLZD INTERSC,36,2013
165,PARK ONSTRT ACCESSIBLE NOT D/O,36,2013
166,PARK/STOP OVER 30CM FROM CURB,35,2013
167,STOP IN TUNNEL,30,2013
168,PARK ACCESSIBLE LOAD NOT DRP/O,29,2013
169,PARK-60CM DRIVE/LANE/RAMP,28,2013
170,PARK TAXI FOR HIRE UNATH LOCAT,28,2013
171,PARK-ON HWY UNDER 6M WIDE,28,2013
172,STAND VEH - PROHIBITED TIME,28,2013
173,PARK VEHICLE-FOR SALE,27,2013
174,STOP/PARK DIS SPACE NO PERMIT,27,2013
175,STOP RD SIDE STOPPED/PARKED VE,25,2013
176,PARK-HWY-30.5M SGNLZD INTRSCTN,25,2013
177,FAIL TO PARK/STOP PARALLEL-RIG,25,2013
178,PARK WITHIN TURNING BASIN,24,2013
179,PARK ON MUN PROP NO CONSENT,23,2013
180,STOP ONSTRT ACCESSIBLE NO PRMT,22,2013
181,PARK VEHICLE PROHIBITED TIME,22,2013
182,PARK VEH ON ST WITHOUT PERMIT,21,2013
183,STOP RDSD STOPPED/PARKED VEH,20,2013
184,PARK-HWY-15M TERM DEAD END ST,20,2013
185,STOP ACRS OBSTR RDWY IMPED TRF,20,2013
186,FAIL TO PARK/STOP NR RGHD HWY,20,2013
187,STAND IN DISABLED NO PERMIT,19,2013
188,PARK NOT WITHIN PERMITTED TIME,19,2013
189,STOP-WITHIN INTERSENTION/XWALK,18,2013
190,PARK DISABLD LOADING NO PERMIT,18,2013
191,PARK HWY 7.5M FIRE HALL SM SDE,17,2013
192,PARK VEH PRIVATE PRO NO CONSEN,17,2013
193,PARK STR DISABLD LDG NO DROPOF,16,2013
194,PARK-MUNICIPAL PROPERTY,15,2013
195,PARK VEHICLE -FOR SALE,15,2013
196,STOP - ON CENTRE BOULEVARD,15,2013
197,PARK IN DESIGNATED FIRE ROUTE,15,2013
198,STOP - 0N CENTRE BOULEVARD,15,2013
199,STOP BESIDE OBSTRUCTION,15,2013
200,PARK ON-ST DISABLD LDG NO PRMT,15,2013
201,FAIL PARK/STOP PARA LFT LMT HW,14,2013
202,STOP IN 9.0 M OF CROSSWALK,14,2013
203,STOP-BSD EXCA IN RDWY-IMPEDE T,14,2013
204,PARK ON HIGHWAY UNDER 6M WIDE,14,2013
205,PARK PRIVATE PROP NO CONSENT,13,2013
206,PARK HWY 15M OF TERM DEAD END,13,2013
207,STOP ROADSIDE STOPPED VEHICLE,12,2013
208,PARK SIGNED HWY BY TURNING BAS,12,2013
209,PARK-HWY-30.5M FRHALL OPP SIDE,12,2013
210,PARK VEH TO WASH/GREASE/REPAIR,12,2013
211,PARK/LEAVE BUS CONTR. TO SIGN,12,2013
212,STOP ON BRIDGE,12,2013
213,PARK ON PRIV PROP WITHOUT CONS,11,2013
214,PARK-HWY-WITHIN T-TYPE INTRSCT,11,2013
215,PARK OVERNIGHT NO PERMIT,10,2013
216,PARK MORE THAN 7DAYS NO PERMIT,10,2013
217,PARK HWY 15M END OF D-END ST,10,2013
218,FAIL TO PARK/STOP AS CLOSE AS,9,2013
219,PARK 15M PAST SIGNL CROSSWALK,9,2013
220,PARK SNOW ROUTE,9,2013
221,STOP IN SCHOOL LOADING ZONE,8,2013
222,STOP ADJACENT TO CENTRE BLVD.,8,2013
223,STOP-ADJ TO CNTR BLVD.,8,2013
224,PARK VEHICLE/MOTORCYCLE .3M S,7,2013
225,PARK/STAND/STOP NO PERMIT,7,2013
226,PARK-HWY WITH TURNING BASIN,7,2013
227,PARK-60CM OF DRIVEWAY/LANEWAY,7,2013
228,PARK HWY 30.5M OF SIGNL INTERS,7,2013
229,STAND SIGNED TAXI CAB STAND,6,2013
230,PARK - FIRE ROUTE,6,2013
231,PARK - ON FRONT YARD,6,2013
232,STOP/STAND/PARK VEND NO PERMIT,6,2013
233,PARK - 2 SPACES - NO FEE      ,6,2013
234,PARK DISABLD LDG NOT DROP OFF,6,2013
235,PARK PREVENT REMOVAL OF VEHICL,6,2013
236,STOP BSD OBSTRUC IMPEDE TRAFF,5,2013
237,FAIL TO PARK/STOP RH LIMIT HWY,5,2013
238,FAIL PARK/STOP RT HAND LTD HWY,5,2013
239,STOP-ACROS EXCAV RDWY-IMPEDE T,5,2013
240,PARK HWY WITHIN T-TYPE INTERS,5,2013
241,Park Prohibited Area No Permit,5,2013
242,STOP SCHOOL BUS LOADING ZONE,5,2013
243,PARK/STOP MORE THAN 3O CM CURB,5,2013
244,PARK-HWY-WITHIN T-TYPE INTERSC,5,2013
245,PARK ON TRACK ON SNOW ROUTE,5,2013
246,PARK - FR YARD NO VALID PLATES,5,2013
247,PARK - METER NOT USED         ,4,2013
248,PARK FAIL TO ATIVATE MACHINE,4,2013
249,PARK-HWY-ENTR/EXIT-BLD ENCLSD,4,2013
250,PARK SIGNED TAXICAB STAND,4,2013
251,STOP ADJ TO CTR BLVD-END,4,2013
252,STAND VEHICLE-SIGNED HIGHWAY-3,4,2013
253,STAND VEHICLE-SIGNED HIGHWAY,4,2013
254,PARK HWY 15 M OF INTERSECTION,4,2013
255,STAND VEHICLE SIGNED HIGHWAY 2,4,2013
256,PARK HWY 15 M OF TERM DEAD END,4,2013
257,STOP-ON BRIDGE,4,2013
258,STOP WITHIN 15.0M OF SAFETY ZN,4,2013
259,PARK VEH MUN PRO NO CONSENT,4,2013
260,STOP-BSD OBSTR RDWY-IMPEDE TRF,3,2013
261,PARALLEL PARK-METERED SPACE-RE,3,2013
262,STOP-BSD EXCAV RDWY-IMPEDE TRF,3,2013
263,STOP BY OBST IN RD IMPEDE TRAF,3,2013
264,PARK - BOULEVD NO VALID PLATES,3,2013
265,FAIL PARK/STOP CLOSE AS PRACT,3,2013
266,STOP - ON CENTRE STRIP,3,2013
267,PARK VEH WASH GREASE REPAIR,3,2013
268,PARK HWY IN/OUT BLDG SPACE,3,2013
269,PARK TO WASH/GREASE/REPAIR,3,2013
270,PARK-2 SPACES-NO FEE-MTR/MACH,3,2013
271,PARK PASSENGER/FREIGHT LOAD ZO,3,2013
272,PARK-FRONT OF VEH NOT OPP MTR,3,2013
273,PARK SIGNALZD XWALK 15M SM SDE,3,2013
274,PARK-HWY-15M OF INTERSECTION,2,2013
275,PARALLEL PARK-METERED SPACE-FR,2,2013
276,PARAL PRK-MTRD-FR WHLS NO OPP,2,2013
277,PAR PARK - F TIRES NOT OPP MTR,2,2013
278,PARK-BLOCK STREETCAR-SNOW RTE,2,2013
279,PARK IN DESIGNATED FIRE ROUTES,2,2013
280,PARK WITHIN A T-TYPE INTERSECT,2,2013
281,PARK VEHICLE LONGER THAN 24HR,2,2013
282,PARK VEHICLE - PROHIBITED TIME,2,2013
283,STOP/STAND/PARK - NO VEND ZONE,2,2013
284,PARK LT 0.3M FROM RES BLD DOOR,2,2013
285,PAR PARK-R OF VEH NOT OPP MTR,2,2013
286,PARK 30.5M XWALK OPPOSITE SIDE,2,2013
287,PARK 30.5M SIGNLD INTERSECTION,2,2013
288,PARK HWY 30.5 OF SIGNAL INTER,2,2013
289,PARK HWY IN T-TYPE INTERSEC,2,2013
290,PARK EXCEEDS MAXIMUM TIME,2,2013
291,STOP BY OBST RDWY IMPEDE TRAFF,2,2013
292,STOP IN INTERSEC/CROSSWALK,1,2013
293,PARK VEHICLE/MOTORCYCLE WITHIN,1,2013
294,PARK-F OF VEH TOO FAR FROM MTR,1,2013
295,STAND VEH HWY 15M PAST ST CAR,1,2013
296,FAIL TO PARK/STOP AS NEAR AS P,1,2013
297,PARK-15M OF TERM DEAND END ST,1,2013
298,STAND VEH-HWY-18.5 PST BSTP SM,1,2013
299,FAIL TO ANGLE PARK/STOP DES SP,1,2013
300,STOP BESIDE EXCAVATION,1,2013
301,PARK UNAUTH VEH DES PARK AREA,1,2013
302,PARK 15M OF LEVEL RAILWY CRSNG,1,2013
303,FAIL TO ANGLE DESIG SPACE,1,2013
304,PARK VEHICLE ON BOULEVARD,1,2013
305,FAIL PARK/STOP PAR CURB LEFT S,1,2013
306,FAIL PARK/STOP PAR CURB LF SID,1,2013
307,PARK ENTER/EXIT OF BUILDING,1,2013
308,PARK-FAIL TO ACTIVATE MACHINE ,1,2013
309,STOP VEH TO VEND OVER 1 HR 1AR,1,2013
310,PARK VEH TO WASH GREASE REPAIR,1,2013
311,PARK-PART OF VEH OTSDMTRD SPC,1,2013
312,PARK IN 30.5M SIGNAL X WALK,1,2013
313,PARK LT 0.3M FROM SIDEWALK,1,2013
314,PARK LT 0.3M FROM WINDOW,1,2013
315,PARK ON MUN PROP WITHOUT CONSE,1,2013
316,PARK-R OF VEH TOO FAR FROM MTR,1,2013
317,STOP ON-STRT DISABLD NO PERMIT,1,2013
318,PARK HWY 7.5M OF FIREHALL SAME,1,2013
319,PARA PARK MTD SPACE WHEELS OUT,1,2013
320,PARK ALONGSIDE RAILWAY TRACKS,1,2013
321,PARK LESS THAN 0.3M FROM WALL,1,2013
322,PARK-OTHER THAN METERED SPACE,1,2013
323,PARK-ON HIGHWAY UNDER 6M WIDE,1,2013
324,STOP FROM EXCAV RD IMPEDE TRAF,1,2013
325,LEAVE OVERNIGHT WITHOUT PERMIT,1,2013
326,STOP BY OBST IN RDWY IMPEDE TR,1,2013
327,PARK PRO VEH ON BICYCLE PATH,1,2013
328,PARK PROH TIME SCOLLARD ST,1,2013
329,FAIL TO PARK/STOP PARALLEL -LF,1,2013
330,PARK HWY 30.5M FIREHALL OPP SD,1,2013
0,PARK-SIGNED HWY-PROHIBIT DY/TM,419848,2014
1,PARK PROHIBITED TIME NO PERMIT,389861,2014
2,PARK FAIL TO DISPLAY RECEIPT,317909,2014
3,PARK/LEAVE ON PRIVATE PROPERTY,244934,2014
4,PARK FAIL TO DEP. FEE MACHINE,162767,2014
5,PARK - LONGER THAN 3 HOURS ,111017,2014
6,STOP-SIGNED HWY-PROHIBIT TM/DY,102268,2014
7,PARK-VEH. W/O VALID ONT PLATE,87144,2014
8,PARK-SIGNED HWY-EXC PERMT TIME,80787,2014
9,STAND VEH.-PROHIBIT TIME/DAY,79198,2014
10,PARK ON PRIVATE PROPERTY,64319,2014
11,STOP-SIGNED HIGHWAY-RUSH HOUR,55609,2014
12,PARK-WITHIN 3M OF FIRE HYDRANT,35755,2014
13,STAND SIGNED TRANSIT STOP,27411,2014
14,STOP-(ON/OVER) (SIDEWK/FTPATH),23469,2014
15,PARK-N.YORK 2AM-6AM DEC1-MAR31,22873,2014
16,PARK IN A FIRE ROUTE,20857,2014
17,PARKING MACH-NOT USED/NO FEE  ,18728,2014
18,PARK-WITHIN 9M INTERSECT ROAD,17918,2014
19,PARK-SIGNED HWY-PUBLIC LANE,17440,2014
20,PARK HWY PROHIBED TIME/DAY,15062,2014
21,PARK COMMERC LOAD ZONE NOT LDG,11320,2014
22,PARK - ON BOULEVARD,10985,2014
23,PARK-FAIL TO DISPLAY PERMIT,8265,2014
24,STOP VEH OTR THN BCYCL-BYCL LN,6179,2014
25,FAIL TO PARK/STOP PARALL. CURB,6007,2014
26,PARK/LEAVE ON MUNICIPAL PRPTY,5770,2014
27,STOP HWY PROHIBITED TIME/DAY,5389,2014
28,PARK-HWY DRNG PROH TIMES/DAYS,5384,2014
29,PARK-W/O VALID NON-ONT PLATE,5107,2014
30,PARK ON   2AM-6AM DEC 1-MAR 31,4668,2014
31,PARK-OBSTRUCT (DRWAY/LANEWAY),4445,2014
32,PARK CONTRARY POSTED CONDITION,4332,2014
33,STAND NON-TAXI IN SIGNED STAND,4032,2014
34,PARK IN ACCESSIBLE NO PERMIT,3992,2014
35,PARK LONGER THAN 3 HOURS,3792,2014
36,STOP-HWY-PROHIBITED TIMES/DAYS,3789,2014
37,FAIL TO PARK/STOP PARALL. RGHT,3604,2014
38,PARK IN PARK NOT IN DESIG AREA,3534,2014
39,STND ONSTRT ACCESSIBLE NO PRMT,3276,2014
40,STD VEH HWY PROHIB TIME/DAY,3192,2014
41,PARK-SIGNED HWY-RUSH HOUR,3119,2014
42,PARK HWY IN EXCESS PRMTD TIME,2826,2014
43,PARK ONSTRT ACCESSIBLE NO PRMT,2780,2014
44,PARK - NOT WITHIN PERIOD  ,2748,2014
45,PARK FAIL TO DEPOSIT FEE METER,2588,2014
46,PARK/STAND UNAUTH VEH. CAR SHR,2227,2014
47,STOP-ROAD SIDE-STOP/PARK VEH.,2134,2014
48,STAND VEH-HWY-PROH TIME/DAYS,1898,2014
49,STOP VEH.RESRVD/DESIG LN TM/DY,1898,2014
50,PARK VEH.-COMMERCIAL LOAD ZONE,1853,2014
51,PARK HWY AT PROHIB TIME/DAY,1700,2014
52,PARK OVER 3 HOURS,1607,2014
53,PARK ON MUNICIPAL PROPERTY,1540,2014
54,PARK - BETWEEN ROAD & SIDEWALK,1479,2014
55,PARK HEAVY (TRUCK/VEH.) TM/DY,1474,2014
56,PARK VEHICLE ON ROADWAY,1344,2014
57,PARK 3M OF FIRE HYDRANT,1286,2014
58,PARK VEHICLE OUTSIDE OF SPACE ,1276,2014
59,STOP ON/OVER SIDEWALK/FOOTPATH,1235,2014
60,STND ONSTRT ACCESSIBLE NOT D/O,1043,2014
61,STND BUS-SIGNED HWY-PROH DY/TM,1011,2014
62,"PARK-SIGNED HWY-""T"" INTERSECTN",891,2014
63,PARK AT EXPIRED METER,885,2014
64,PARK-FEE NOT PD FOR TIME USED ,843,2014
65,PARK IN PUBLIC LANE,838,2014
66,STOP - IN UNDERPASS ,818,2014
67,PARK HWY EXCESS OF PERM TIME,779,2014
68,STOP-9 M PEDESTRIAN X BEYOND,747,2014
69,PARK-PASSENGER/FREIGHT LOADING,745,2014
70,PARK-HWY PROHIB TIMES/DAYS,739,2014
71,PARK 9M OF INTERSCTING HIGHWAY,696,2014
72,STOP NON-BICYCLE IN CYCLE TRCK,659,2014
73,STOP-NON-SCHL BUS IN SCHL LDZN,629,2014
74,STOP-15M PEDESTRIAN X APPROACH,627,2014
75,PARK HWY PROHIBITED TIMES/DAYS,618,2014
76,PARK-LONGER THAN 3 HOURS,518,2014
77,PARK NON-BUS-BUS PK ZNE DY/TM,472,2014
78,PARK HWY PRO TIMES/DAYS,471,2014
79,PARK SIGNED HWY PRO TIMES/DAYS,440,2014
80,STOP HWY PROHIB TIME/DAY,426,2014
81,PARK-(FRNT/60 CM) DRWAY/LANEWY,399,2014
82,PARK - 3M OF FIRE HYDRANT,348,2014
83,PARK TAXI FOR HIRE-UNAUTH LOC,333,2014
84,STAND VEHICLE WHERE PROHIBITED,325,2014
85,STND ACCESSIBLE LOAD NOT DRP/O,308,2014
86,PARK OBSTRUCT DRIVEWAY/LANEWAY,301,2014
87,PARK VEHICLE - FOR SALE ,298,2014
88,PARK ACCESSIBLE NOT DROP OFF,282,2014
89,PARK BUS-SIGNED HWY-PROH DY/TM,268,2014
90,PARK-SIGNED HWY-15M INTERSECTN,251,2014
91,STAND TAXI-SIGNED STD-NOT HIRE,246,2014
92,STAND VEH.-SIGNED HWY-RUSH HR,246,2014
93,FAIL TO PARK/STOP PARA TO CURB,229,2014
94,PARK-15M OF DEAD END STREET,220,2014
95,PARK-FAIL TO DEPOSIT FEE METER,220,2014
96,STOP-WITHIN (INTERSCTN/PED X),219,2014
97,PARK/STOP RGHT WHLS > 30CM CRB,216,2014
98,PARK VEHICLE WHILE NOT IN PARK,207,2014
99,PARK-30.5M SIGNALIZED INTERSCT,204,2014
100,PARK-HWY EXCESS PERMTD TIME,189,2014
101,PARK-30.5M FIRE HALL OPP SIDE,166,2014
102,STAND SIGNED TAXICAB STAND,165,2014
103,PARK FAIL TO DEP FEE IN METER,155,2014
104,PARK/LEAVE CONTRARY TO SIGN,146,2014
105,PARK-SIGNED HWY-LESS THAN 6M W,137,2014
106,PARK-SIGNED HWY-TURNING BASIN,135,2014
107,STOP - ON MIDDLE BOULEVARD ,127,2014
108,STOP ON/OVER SIDEWALK/PATH,126,2014
109,PARK VEHICLE IN CAR-SHARE AREA,122,2014
110,PARK HWY OVER PERMITTED TIME,117,2014
111,STOP-ALONGSIDE EXCAV./OBSTR.,115,2014
112,STOP SIGNED HWY PRO TIMES/DAYS,108,2014
113,PARK NON-MTRCYCLE IN MTRCYC SP,107,2014
114,STOP-ADJACENT MID. BOUL. SIDE,106,2014
115,STOP NON-BUS - BUS LOAD ZONE,99,2014
116,STOP - ON CENTRE STRIP,98,2014
117,STND ACCESSIBLE LOAD NO PERMIT,97,2014
118,STAND VEH HWY PRO TIMES/DAYS,94,2014
119,STOP BUS-SIGNED HWY-PROH DY/TM,94,2014
120,STOP HWY PROHIBITED TIMES/DAYS,90,2014
121,STOP-ADJACENT CNTRE STRIP SIDE,90,2014
122,STOP HWY PRO TIME/DAYS,78,2014
123,STOP ROADSDE STOPPED/PARKED VE,73,2014
124,PARK 3 M OF FIRE HYDRANT,70,2014
125,FAIL PARK/STP NEAR RIGHT LIMIT,68,2014
126,STAND VEH HWY PROHIB TIME/DAY,66,2014
127,STOP ONSTRT ACCESSIBLE NO PRMT,66,2014
128,PARK-SIGNED TAXICAB STAND,65,2014
129,PARK 9 M OF INTERSECTING HWY,64,2014
130,STOP-ACROSS FROM EXCAV./OBSTR.,63,2014
131,STAND VEH - PROHIBITED TIME,61,2014
132,PARK-ISSUED CARD NOT DISPLAYED,61,2014
133,PARK-HWY-EXCESS PERMITTED TIME,59,2014
134,FAIL TO PARK/STOP PARA RTHD HW,58,2014
135,PARK - 3 M OF FIRE HYDRANT,57,2014
136,STAND VEH-HWY-PROH TIMES/DAYS,56,2014
137,PARK-3M OF FIRE HYDRANT,55,2014
138,PARK - 9M OF INTERSECTING HWY,52,2014
139,PARK OVERNIGHT NO PERMIT,51,2014
140,PARK ONSTRT ACCESSIBLE NOT D/O,50,2014
141,STAND BUS PROHIBITED TIME,49,2014
142,STOP - WITHIN 9.0M OF XWALK,47,2014
143,FAIL TO PARK/STOP PAR TO CURB,47,2014
144,PARK/LEAVE-FIRE ROUTE,45,2014
145,STAND VEH HWY PRO TIME/DAY,44,2014
146,PARK HWY WITHN T-TYPE INTERSCT,43,2014
147,STAND ACCESSIBLE NOT DROP OFF,42,2014
148,FAIL PARK/STOP PAR RH LTD HWY,42,2014
149,STAND SIGN HWY PRO TIMES/DAYS,40,2014
150,STOP-ON/OVER SIDEWALK/FOOTPATH,39,2014
151,PARK OTHER THAN METERED SPACE,39,2014
152,STOP - ON BRIDGE ,38,2014
153,FAIL TO PARK/STOP PARA RH HWY,37,2014
154,PARK PRO VEH ON BICYCLE PATH,36,2014
155,STOP SIDE STOPPED/PARKED VEH,35,2014
156,STOP-WITHIN 9M OF SCHOOL CROSS,34,2014
157,PARK 9M OF INTERSECTING HWY,33,2014
158,PARK-9M OF INTERSECTING HWY,33,2014
159,FAIL TO PARK/STOP PARALLEL CUR,32,2014
160,FAIL PARK/STP LEFT WHLS PARALL,32,2014
161,PARK SIGNED HWY EXCESS OF TIME,30,2014
162,PARK/STAND CAR-SHARE VEH.-PERM,30,2014
163,PARK-15M MAILBOX SAME SIDE,28,2014
164,PARK UNAUTH VEH IN HDCPD SPACE,27,2014
165,PARK ACCESSIBLE LOAD NO PERMIT,25,2014
166,PARK OBSTRUCT DRIVE/LANE,25,2014
167,PARK-7.5M FIRE HALL SAME SIDE,25,2014
168,PARK - OBSTRUCT DRIVEWAY/LANE,25,2014
169,PARK ACC NO PERMIT,24,2014
170,STOP IN UNDERPASS,24,2014
171,STOP-ADJACENT CENTRE STRIP END,24,2014
172,STOP-WITHIN 15M OF SAFETY ZONE,22,2014
173,PARK VEH.-WASH/GREASE/REPAIR,22,2014
174,PARK VEHICLE - SNOW ROUTE,21,2014
175,STAND IN ACCESSIBLE NO PERMIT,21,2014
176,STOP ACRS OBSTR RDWY IMPED TRF,20,2014
177,STOP RDSDE STOPPED/PARKED VEH,20,2014
178,PARK TRUCK HWY NO PERM TIME/DA,19,2014
179,PARK HVY TRK HWY PRO TIME/DAY,19,2014
180,STOP-ADJACENT MID. BOUL. END,19,2014
181,FAIL PARK/STOP PAR RT HAND LTD,19,2014
182,PARK-OBS DRIVEWAY/LANEWAY/RAMP,17,2014
183,PARK-15M FAR SIDE OF CROSSWALK,17,2014
184,PARK HVY TRK HWY TIMES/DAYS,16,2014
185,PARK HVY TRU NOT PER  TIME/DAY,16,2014
186,PARK-30.5M APPROACH TO CRSSWLK,15,2014
187,PARK/LEAVE BUS CONTR. TO SIGN,15,2014
188,PARK HEAVY TRUCK-SIGNED HIGHWA,15,2014
189,PARK-OBSTRUCT DRIVEWAY/LANEWAY,13,2014
190,PARK NOT WITHIN PERMITTED TIME,13,2014
191,PARK/STOP OVER 30 CM FROM CURB,13,2014
192,PARK ON HWY UNDER 6M WIDE,12,2014
193,PARK HWY 15M OF INTERSECTION,12,2014
194,PARK ACCESSIBLE LOAD NOT DRP/O,12,2014
195,PARK - BOULEVD NO VALID PLATES,11,2014
196,PARK - ON FRONT YARD,10,2014
197,PARK PRIVATE PROP NO CONSENT,10,2014
198,PARK - 2 SPACES - NO FEE      ,9,2014
199,PRK/STP LEFT WHLS CLSE TO LEFT,9,2014
200,PARK ON PRIV PROP NO CONSENT,9,2014
201,PARK EXCEEDS MAXIMUM TIME,9,2014
202,STOP ADJ TO CENTRE BOULEVARD,9,2014
203,STOP-ADJACENT TO CENTRE STRIP,9,2014
204,PARK VEH ON ST WITHOUT PERMIT,8,2014
205,PARK VEH BEYOND DESIG AREA,8,2014
206,PARK VEHICLE - FOR SALE,8,2014
207,STOP-WITHIN 9.0M OF CROSSWALK,8,2014
208,PARK HVY TRUCK DUR PRO TIME,8,2014
209,PARK 60CM OF DRIVEWAY/LANEWAY,8,2014
210,STOP WITHIN INTERSECTION/XWALK,7,2014
211,PARK BUS PROHIBITED TIME,7,2014
212,FAIL TO PARK/STOP PARALLEL RIG,7,2014
213,STOP - BESIDE SAFETY ZONE,6,2014
214,PARK-FRONT OF BLDG ENTRY/EXIT,6,2014
215,FAIL PARK/STOP PARALLEL CURB,6,2014
216,PARK LT 0.3M FROM WINDOW,5,2014
217,PARK-HWY-30.5M SGNLZD INTRSCTN,5,2014
218,FAIL TO PARK/STOP PARA RGT LMT,5,2014
219,PARK-HWY 15M TRM DEAD END ST.,5,2014
220,PARK ON MUN PROP NO CONSENT,5,2014
221,STOP WITHIN 9M OF CROSSWALK,5,2014
222,PARK IN DESIGNATED FIRE ROUTE,5,2014
223,STAND VEHICLE-SIGNED HIGHWAY-3,4,2014
224,STAND VEHICLE-SIGNED HIGHWAY,4,2014
225,STOP IN INTERSECTION/CROSSWALK,4,2014
226,STOP ON CENTRE STRIP,4,2014
227,STOP RD SIDE STOP/PARKED VEH,4,2014
228,STOP/STAND/PARK VEND CONT ZONE,4,2014
229,PARK LT 0.3M FROM RES BLD DOOR,4,2014
230,PARK-PREVENT VEHICLE REMOVAL,4,2014
231,PARK 60CM OF DRIVE/LANE,4,2014
232,PARK/STOP MORE 30CM FROM CURB,4,2014
233,STOP-WITHIN SCHOOL BUS LOAD ZN,4,2014
234,PARK LT 0.3M FROM SIDEWALK,3,2014
235,PARK-2 SPACES-NO FEE-MTR/MACH,3,2014
236,PARK HWY 30.5M OF INTERSECTION,3,2014
237,PARK MORE THAN 7DAYS NO PERMIT,3,2014
238,PARK E-VEH. IN EV SP EXCESS TM,3,2014
239,PARK PRO VEH ON FOOTPATH,3,2014
240,PARALLEL PARK-METERED SPACE-FR,3,2014
241,STOP BSD OBSTR RDWY-IMPEDE TRF,3,2014
242,STOP ADJACENT TO CENTRE BLVD,3,2014
243,PARK VEH.-STRTCAR TRK SNOW RT,3,2014
244,PARK-15M OF RAILWAY TRK/X'ING,3,2014
245,PARK/STOP OVER 30CM FROM CURB,3,2014
246,PARK SIGNED TAXICAB STAND,3,2014
247,PARK/STOP MORE THAN 30 CM CURB,3,2014
248,PARK-HWY-30.5M SIGNLZD INTERSC,3,2014
249,PARK-MUNICIPAL PROPERTY,3,2014
250,PARK-PRT VEH OUTSD DESG MET SP,3,2014
251,PARK-FRONT OF VEH NOT OPP MTR,3,2014
252,STAND VEHICLE SIGNED HIGHWAY 2,3,2014
253,PARK/STOP MORE THAN 3O CM CURB,3,2014
254,PARK-F OF VEH TOO FAR FROM MTR,3,2014
255,FAIL TO PARK/STOP NR RGHD HWY,2,2014
256,PAR PARK-R OF VEH NOT OPP MTR,2,2014
257,STOP-BSD OBSTR RDWY-IMPEDE TRF,2,2014
258,PARALLEL PARK-METERED SPACE-RE,2,2014
259,PARK PRO VEH ON PEDESTRIAN WAY,2,2014
260,PARK 60 CM OF DRIVEWAY/LANEWAY,2,2014
261,STOP/PARK DIS SPACE NO PERMIT,2,2014
262,PARK FAIL TO ATIVATE MACHINE,2,2014
263,PARK-ON HWY UNDER 6M WIDE,2,2014
264,STOP/STAND/PARK - NO VEND ZONE,2,2014
265,STOP RDSD STOPPED/PARKED VEH,2,2014
266,PARK-HWY-30.5M FRHALL OPP SIDE,2,2014
267,STOP ON CENTRE BOULEVARD,2,2014
268,PARK - METER NOT USED         ,2,2014
269,STAND VEH-HWY-18.5 PST BSTP SM,2,2014
270,PARK TAXI-FOR HR-UNATH LOCATN,2,2014
271,STOP - IN TUNNEL ,2,2014
272,PARK VEHICLE PROHIBITED TIME,2,2014
273,PARK TAXI FOR HIRE UNATH LOCAT,2,2014
274,PARK TO WASH/GREASE/REPAIR,2,2014
275,PARK VEH PRIVATE PRO NO CONSEN,2,2014
276,PARK/STOP LEFT WHLS > 30CM LFT,1,2014
277,PARK/LEAVE UNPD PARKING INV,1,2014
278,STOP ADJ TO END OF CENTRE STRI,1,2014
279,PARK - SIGNED TAXICAB STAND,1,2014
280,STAND ON-STREET HANDICAP SPACE,1,2014
281,PARAL PRK-MTRD-FR WHLS NO OPP,1,2014
282,STOP ACC NO PERMIT,1,2014
283,PARK VEH.-BLOCK STCAR SNOW RT,1,2014
284,FAIL TO PARK/STOP PARALLEL-RIG,1,2014
285,PARK SIGNALZD XWALK 15M SM SDE,1,2014
286,PARK-FAIL TO ACTIVATE MACHINE ,1,2014
287,STOP BESIDE OBSTRUCTION,1,2014
288,FAIL TO PARK/STOP AS NEAR AS P,1,2014
289,FAIL TO PARK/STOP AS CLOSE AS,1,2014
290,FAIL TO (PARK/STOP) ANGLE SPCE,1,2014
291,FAIL PARK/STOP RT HAND LTD HWY,1,2014
292,FAIL PARK/STOP RH LIMIT OF HWY,1,2014
293,PARK VEHICLE FOR SALE,1,2014
294,PARK VEHICLE/MOTORCYCLE WITHIN,1,2014
295,STOP/PARK/LEAVE/STAND CLSD ST,1,2014
296,STOP ADJACENT TO CENTRE BLVD.,1,2014
297,PARK-PART OF VEH OTSDMTRD SPC,1,2014
298,STOP IN 9.0 M OF CROSSWALK,1,2014
299,PARK HWY 30.5M OF SIGNL INTERS,1,2014
300,Park Prohibited Area No Permit,1,2014
301,STAND VEHICLE - SNOW ROUTE,1,2014
302,PARK PASSENGER/FREIGHT LOADING,1,2014
303,PARK ON PRIV PROP WITHOUT CONS,1,2014
304,PARK-HWY-15M OF INTERSECTION,1,2014
305,STAND VEH.-PSGR LD ZN LD/UNLD,1,2014
306,PARK ON HIGHWAY UNDER 6M WIDE,1,2014
307,PARK-HWY-15M TERM DEAD END ST,1,2014
308,STOP PROH TIME MUTUAL STREET,1,2014
309,STOP CONTRARY POSTED CONDITION,1,2014
310,PARK-ALONGSIDE (RAILWAY/CROSS),1,2014
311,STOP BUS PROHIBITED TIME,1,2014
312,STOP ROADSIDE STOPPED VEHICLE,1,2014
313,STOP SCHOOL BUS LOADING ZONE,1,2014
314,PARK-HWY-WITHIN T-TYPE INTRSCT,1,2014
315,PARK IN DESIGNATED FIRE ROUTES,1,2014
316,STOP VEH - PROHIBITED TIME,1,2014
317,STAND VEHICLE-SIGNED HIGHWAY-W,1,2014
318,PARK HWY 7.5M FIREHALL SIDE,1,2014
319,STOP WITHIN 15.0M OF SAFETY ZN,1,2014
320,STOP BESIDE SAFETY ZONE,1,2014
321,PARK-60CM OF DRIVEWAY/LANEWAY,1,2014
0,PARK-SIGNED HWY-PROHIBIT DY/TM,380148,2015
1,PARK ON PRIVATE PROPERTY,324572,2015
2,PARK PROHIBITED TIME NO PERMIT,321312,2015
3,PARK FAIL TO DISPLAY RECEIPT,244569,2015
4,STOP-SIGNED HWY-PROHIBIT TM/DY,105040,2015
5,PARK - LONGER THAN 3 HOURS ,103504,2015
6,STOP-SIGNED HIGHWAY-RUSH HOUR,78437,2015
7,PARK MACHINE-REQD FEE NOT PAID,74854,2015
8,STAND VEH.-PROHIBIT TIME/DAY,73944,2015
9,PARK-VEH. W/O VALID ONT PLATE,69819,2015
10,PARK-SIGNED HWY-EXC PERMT TIME,63086,2015
11,PARK FAIL TO DEP. FEE MACHINE,48634,2015
12,PARK-WITHIN 3M OF FIRE HYDRANT,33721,2015
13,STAND SIGNED TRANSIT STOP,26008,2015
14,PARK-N.YORK 2AM-6AM DEC1-MAR31,25589,2015
15,STOP-(ON/OVER) (SIDEWK/FTPATH),21451,2015
16,PARK IN A FIRE ROUTE,19405,2015
17,PARKING MACH-NOT USED/NO FEE  ,18412,2015
18,PARK-SIGNED HWY-PUBLIC LANE,16045,2015
19,PARK-WITHIN 9M INTERSECT ROAD,12806,2015
20,PARK COMMERC LOAD ZONE NOT LDG,9442,2015
21,PARK - ON BOULEVARD,8631,2015
22,FAIL TO PARK/STOP PARALL. CURB,6695,2015
23,STOP VEH OTR THN BCYCL-BYCL LN,6303,2015
24,PARK ON MUNICIPAL PROPERTY,6212,2015
25,PARK-FAIL TO DISPLAY PERMIT,5856,2015
26,PARK CONTRARY POSTED CONDITION,5333,2015
27,PARK-OBSTRUCT (DRWAY/LANEWAY),4653,2015
28,PARK IN PARK NOT IN DESIG AREA,4116,2015
29,PARK IN ACCESSIBLE NO PERMIT,3980,2015
30,STAND NON-TAXI IN SIGNED STAND,3914,2015
31,STND ONSTRT ACCESSIBLE NO PRMT,3660,2015
32,FAIL TO PARK/STOP PARALL. RGHT,3364,2015
33,PARK ONSTRT ACCESSIBLE NO PRMT,2853,2015
34,PARK - NOT WITHIN PERIOD  ,2544,2015
35,PARK/STAND UNAUTH VEH. CAR SHR,2394,2015
36,PARK FAIL TO DEPOSIT FEE METER,1922,2015
37,STOP-ROAD SIDE-STOP/PARK VEH.,1891,2015
38,PARK VEH.-COMMERCIAL LOAD ZONE,1619,2015
39,PARK - BETWEEN ROAD & SIDEWALK,1483,2015
40,PARK-W/O VALID NON-ONT PLATE,1426,2015
41,PARK NON-BUS-BUS PK ZNE DY/TM,1364,2015
42,PARK VEHICLE ON ROADWAY,1218,2015
43,PARK VEHICLE OUTSIDE OF SPACE ,1217,2015
44,STND ONSTRT ACCESSIBLE NOT D/O,1135,2015
45,STOP NON-BICYCLE IN CYCLE TRCK,1022,2015
46,STOP-9 M PEDESTRIAN X BEYOND,991,2015
47,PARK HEAVY (TRUCK/VEH.) TM/DY,812,2015
48,"PARK-SIGNED HWY-""T"" INTERSECTN",730,2015
49,STOP-NON-SCHL BUS IN SCHL LDZN,663,2015
50,STOP VEH.RESRVD/DESIG LN TM/DY,618,2015
51,STOP-15M PEDESTRIAN X APPROACH,608,2015
52,PARK-(FRNT/60 CM) DRWAY/LANEWY,475,2015
53,PARK/STOP RGHT WHLS > 30CM CRB,451,2015
54,PARK ACCESSIBLE NOT DROP OFF,418,2015
55,STND ACCESSIBLE LOAD NOT DRP/O,413,2015
56,STND BUS-SIGNED HWY-PROH DY/TM,402,2015
57,STOP - IN UNDERPASS ,351,2015
58,STAND TAXI-SIGNED STD-NOT HIRE,307,2015
59,PARK TAXI FOR HIRE-UNAUTH LOC,299,2015
60,PARK AT EXPIRED METER,290,2015
61,STAND VEH.-SIGNED HWY-RUSH HR,258,2015
62,PARK-FEE NOT PD FOR TIME USED ,235,2015
63,PARK VEHICLE WHILE NOT IN PARK,220,2015
64,STOP - ON CENTRE STRIP,205,2015
65,PARK-30.5M SIGNALIZED INTERSCT,199,2015
66,PARK-SIGNED HWY-15M INTERSECTN,185,2015
67,PARK-SIGNED HWY-TURNING BASIN,177,2015
68,PARK VEHICLE - FOR SALE ,175,2015
69,STOP-WITHIN (INTERSCTN/PED X),170,2015
70,STOP-ALONGSIDE EXCAV./OBSTR.,170,2015
71,PARK-SIGNED HWY-RUSH HOUR,169,2015
72,PARK-30.5M FIRE HALL OPP SIDE,164,2015
73,PARK BUS-SIGNED HWY-PROH DY/TM,141,2015
74,STOP BUS-SIGNED HWY-PROH DY/TM,134,2015
75,STAND VEHICLE WHERE PROHIBITED,126,2015
76,STND ACCESSIBLE LOAD NO PERMIT,119,2015
77,STAND ACCESSIBLE NOT DROP OFF,119,2015
78,PARK-15M OF DEAD END STREET,115,2015
79,STOP - ON MIDDLE BOULEVARD ,115,2015
80,STAND VEH.-PSGR LD ZN LD/UNLD,106,2015
81,STOP-ACROSS FROM EXCAV./OBSTR.,104,2015
82,PARK-SIGNED HWY-LESS THAN 6M W,93,2015
83,PARK/LEAVE CONTRARY TO SIGN,90,2015
84,PARK-15M MAILBOX SAME SIDE,86,2015
85,FAIL PARK/STP NEAR RIGHT LIMIT,75,2015
86,PARK-ISSUED CARD NOT DISPLAYED,70,2015
87,PARK-HWY DRNG PROH TIMES/DAYS,55,2015
88,PARK MORE THAN 7DAYS NO PERMIT,49,2015
89,STOP-ADJACENT MID. BOUL. SIDE,44,2015
90,PARK FAIL TO DEP FEE IN METER,43,2015
91,STOP-HWY-PROHIBITED TIMES/DAYS,41,2015
92,PARK OTHER THAN METERED SPACE,40,2015
93,PARK MACHINE-NOT IN PERMITD TM,37,2015
94,PARK PRO VEH ON BICYCLE PATH,36,2015
95,STAND IN ACCESSIBLE NO PERMIT,35,2015
96,PARK ONSTRT ACCESSIBLE NOT D/O,33,2015
97,STOP - ON BRIDGE ,33,2015
98,PARK-FAIL TO DEPOSIT FEE METER,33,2015
99,STOP ONSTRT ACCESSIBLE NO PRMT,30,2015
100,PARK NOT WITHIN PERMITTED TIME,29,2015
101,PARK/LEAVE-FIRE ROUTE,29,2015
102,PARK - ON FRONT YARD,28,2015
103,PARK/STAND CAR-SHARE VEH.-PERM,26,2015
104,PARK-7.5M FIRE HALL SAME SIDE,25,2015
105,STAND VEH-HWY-PROH TIME/DAYS,23,2015
106,PARK ACC NO PERMIT,22,2015
107,STOP SIDE STOPPED/PARKED VEH,21,2015
108,PARK - BOULEVD NO VALID PLATES,21,2015
109,PARK HWY AT PROHIB TIME/DAY,20,2015
110,PARK ACCESSIBLE LOAD NO PERMIT,20,2015
111,PARK UNAUTH VEH IN HDCPD SPACE,18,2015
112,STOP-WITHIN 9M OF SCHOOL CROSS,17,2015
113,PARK NON-MTRCYCLE IN MTRCYC SP,17,2015
114,PARK ACCESSIBLE LOAD NOT DRP/O,16,2015
115,PARK-PASSENGER/FREIGHT LOADING,16,2015
116,STOP-ADJACENT CNTRE STRIP SIDE,15,2015
117,STOP - WITHIN 9.0M OF XWALK,15,2015
118,PARK OVERNIGHT NO PERMIT,14,2015
119,PARK VEHICLE PROHIBITED TIME,13,2015
120,STOP-WITHIN 15M OF SAFETY ZONE,12,2015
121,STAND VEHICLE-SIGNED HIGHWAY,12,2015
122,PARK LT 0.3M FROM SIDEWALK,11,2015
123,PARK-HWY PROHIB TIMES/DAYS,11,2015
124,FAIL PARK/STP LEFT WHLS PARALL,11,2015
125,PARK TAXI FOR HIRE UNATH LOCAT,10,2015
126,PARK VEH.-WASH/GREASE/REPAIR,10,2015
127,STAND SIGNED TAXICAB STAND,10,2015
128,PARK VEH BEYOND DESIG AREA,10,2015
129,PARK VEH.-BLOCK STCAR SNOW RT,8,2015
130,STOP ON/OVER SIDEWALK/FOOTPATH,8,2015
131,PARK ON PRIV PROP NO CONSENT,8,2015
132,PARK - METER NOT USED         ,8,2015
133,PARK ON MUN PROP NO CONSENT,7,2015
134,STAND VEH.-PSGR LD ZN DAY TIME,7,2015
135,PARAL PRK-MTRD-FR WHLS NO OPP,7,2015
136,STOP-ADJACENT CENTRE STRIP END,7,2015
137,PARK 3M OF FIRE HYDRANT,6,2015
138,PARK-30.5M APPROACH TO CRSSWLK,6,2015
139,STOP HWY PROHIB TIME/DAY,6,2015
140,PARK LESS THAN 0.3M FROM WALL,6,2015
141,FAIL TO PARK/STOP PARA TO CURB,5,2015
142,PARK-MUNICIPAL PROPERTY,5,2015
143,PARK - 2 SPACES - NO FEE      ,5,2015
144,PARK-FAIL TO ACTIVATE METER,5,2015
145,PARK FAIL TO ACTIVATE MACHINE,5,2015
146,PAR PARK - F TIRES NOT OPP MTR,4,2015
147,STOP/STAND/PARK - NO VEND ZONE,4,2015
148,PARK-FRONT OF BLDG ENTRY/EXIT,4,2015
149,PARK-15M OF RAILWAY TRK/X'ING,4,2015
150,STOP ON/OVER SIDEWALK/PATH,4,2015
151,PARK-FRONT OF VEH NOT OPP MTR,4,2015
152,PARK SIGNED HWY PRO TIMES/DAYS,4,2015
153,STOP SIGNED HWY PRO TIMES/DAYS,3,2015
154,PRK/STP LEFT WHLS CLSE TO LEFT,3,2015
155,STOP CONTRARY POSTED CONDITION,3,2015
156,PARK-PREVENT VEHICLE REMOVAL,3,2015
157,PARK VEH.-STRTCAR TRK SNOW RT,3,2015
158,PARK-ALONGSIDE (RAILWAY/CROSS),3,2015
159,STOP NON-BUS - BUS LOAD ZONE,3,2015
160,STOP-ADJACENT MID. BOUL. END,2,2015
161,STOP/STAND/PARK VEND CONT ZONE,2,2015
162,STOP/STAND/PARK VEND NO PERMIT,2,2015
163,PARALLEL PARK-METERED SPACE-FR,2,2015
164,PARK/STOP LEFT WHLS > 30CM LFT,2,2015
165,PARK/LEAVE UNPD PARKING INV,2,2015
166,FAIL TO (PARK/STOP) ANGLE SPCE,2,2015
167,PARK LT 0.3M FROM WINDOW,2,2015
168,PARK EXCEEDS MAXIMUM TIME,2,2015
169,PARK-OBSTRUCT DRIVEWAY/LANEWAY,2,2015
170,PARK NON-BUS-BUS PK SPC/MCHINE,2,2015
171,PARK - 9M OF INTERSECTING HWY,2,2015
172,PARK-15M FAR SIDE OF CROSSWALK,2,2015
173,PARK VEHICLE LONGER THAN 24HR,2,2015
174,PARK MTRD EXCEEDS MAXIMUM TIME,2,2015
175,PARK VEHICLE - FOR SALE,2,2015
176,PAR PARK-R OF VEH NOT OPP MTR,2,2015
177,PARK 9M OF INTERSECTING HWY,1,2015
178,PARK E-VEH. IN EV SP EXCESS TM,1,2015
179,PARK BUS PK SPC/MCHINE-NOFEEPD,1,2015
180,PARK ELECT. VEH. EXCEED MAX TM,1,2015
181,PARK - OBSTRUCT DRIVEWAY/LANE,1,2015
182,STAND VEH HWY PROHIB TIME/DAY,1,2015
183,PARK - 3M OF FIRE HYDRANT,1,2015
184,PARK - 3 M OF FIRE HYDRANT,1,2015
185,STOP-ON/OVER SIDEWALK/FOOTPATH,1,2015
186,PARALLEL PARK-METERED SPACE-RE,1,2015
187,PARK HWY PROHIBITED TIMES/DAYS,1,2015
188,LEAVE IN PARK NOT DESIG AREA,1,2015
189,FAIL TO PARK/STOP PARALLEL TO,1,2015
190,FAIL TO PARK/STOP PARA RH HWY,1,2015
191,STOP-WITHIN INTERSENTION/XWALK,1,2015
192,FAIL TO PARK/STOP PAR TO CURB,1,2015
193,PARK HWY OVER PERMITTED TIME,1,2015
194,PARK MOTORCYCLE-METER-GT 60DEG,1,2015
195,PARK IN ELECTRIC VEHICLE SPACE,1,2015
196,PARK PRO VEH ON PEDESTRIAN WAY,1,2015
197,STAND VEHICLE SIGNED HIGHWAY 2,1,2015
198,PARK/LEAVE BUS CONTR. TO SIGN,1,2015
199,PARK-R OF VEH TOO FAR FROM MTR,1,2015
200,PARK-INTERF W FUNERAL PROCESS.,1,2015
201,PARK-FAIL TO ACTIVATE MACHINE ,1,2015
202,PARK VEHICLE FOR SALE,1,2015
203,PARK VEH MUN PRO NO CONSENT,1,2015
204,PARK UNAUTH. VEH IN E-VEH. STN,1,2015
205,PARK ON TRINITY DRIVE,1,2015
206,PARK MACHINE-FAIL TO ACTIVATE,1,2015
207,PARK ON HWY UNDER 6M WIDE,1,2015
208,STOP HWY PRO TIME/DAYS,1,2015
209,PARK OBSTRUCT DRIVEWAY/LANEWAY,1,2015
210,STOP HWY PROHIBITED TIMES/DAYS,1,2015
211,PARK NON-BUS IN BUS SPACE-METR,1,2015
212,PARK MUN PROP NO CONSENT,1,2015
213,STAND HANDICAP LOADING ZONE,1,2015
214,PARK MOTORCYCLE-MCHNE LT 45DEG,1,2015
215,FAIL ANGLE PARK/STOP AT 45 DEG,1,2015
0,PARK-SIGNED HWY-PROHIBIT DY/TM,401592,2016
1,PARK ON PRIVATE PROPERTY,367625,2016
2,PARK PROHIBITED TIME NO PERMIT,339145,2016
3,PARK FAIL TO DISPLAY RECEIPT,213327,2016
4,PARK MACHINE-REQD FEE NOT PAID,131511,2016
5,PARK - LONGER THAN 3 HOURS ,116498,2016
6,STOP-SIGNED HWY-PROHIBIT TM/DY,110443,2016
7,STAND VEH.-PROHIBIT TIME/DAY,76407,2016
8,STOP-SIGNED HIGHWAY-RUSH HOUR,74267,2016
9,PARK-VEH. W/O VALID ONT PLATE,68271,2016
10,PARK-SIGNED HWY-EXC PERMT TIME,64327,2016
11,PARK-WITHIN 3M OF FIRE HYDRANT,35482,2016
12,STAND SIGNED TRANSIT STOP,26024,2016
13,PARK-N.YORK 2AM-6AM DEC1-MAR31,25909,2016
14,PARKING MACH-NOT USED/NO FEE  ,21172,2016
15,STOP-(ON/OVER) (SIDEWK/FTPATH),19877,2016
16,PARK-SIGNED HWY-PUBLIC LANE,15933,2016
17,PARK IN A FIRE ROUTE,14687,2016
18,PARK-WITHIN 9M INTERSECT ROAD,13331,2016
19,PARK COMMERC LOAD ZONE NOT LDG,12787,2016
20,PARK - ON BOULEVARD,8386,2016
21,PARK ON MUNICIPAL PROPERTY,6565,2016
22,STND ONSTRT ACCESSIBLE NO PRMT,6432,2016
23,FAIL TO PARK/STOP PARALL. CURB,6316,2016
24,PARK CONTRARY POSTED CONDITION,6089,2016
25,STOP VEH OTR THN BCYCL-BYCL LN,6088,2016
26,PARK-FAIL TO DISPLAY PERMIT,5391,2016
27,PARK-OBSTRUCT (DRWAY/LANEWAY),4934,2016
28,PARK IN PARK NOT IN DESIG AREA,4483,2016
29,STAND NON-TAXI IN SIGNED STAND,4373,2016
30,FAIL TO PARK/STOP PARALL. RGHT,3935,2016
31,PARK IN ACCESSIBLE NO PERMIT,3933,2016
32,PARK ONSTRT ACCESSIBLE NO PRMT,3008,2016
33,PARK - NOT WITHIN PERIOD  ,2476,2016
34,STOP-ROAD SIDE-STOP/PARK VEH.,2152,2016
35,PARK FAIL TO DEPOSIT FEE METER,1948,2016
36,STOP NON-BICYCLE IN CYCLE TRCK,1926,2016
37,PARK VEH.-COMMERCIAL LOAD ZONE,1907,2016
38,PARK - BETWEEN ROAD & SIDEWALK,1765,2016
39,PARK/STAND UNAUTH VEH. CAR SHR,1621,2016
40,STAND VEH.-PSGR LD ZN LD/UNLD,1340,2016
41,PARK NON-BUS-BUS PK ZNE DY/TM,1324,2016
42,PARK-W/O VALID NON-ONT PLATE,1168,2016
43,STOP-NON-SCHL BUS IN SCHL LDZN,1167,2016
44,STND ONSTRT ACCESSIBLE NOT D/O,1141,2016
45,STOP-9 M PEDESTRIAN X BEYOND,1103,2016
46,PARK VEHICLE OUTSIDE OF SPACE ,1076,2016
47,"PARK-SIGNED HWY-""T"" INTERSECTN",993,2016
48,PARK VEHICLE ON ROADWAY,991,2016
49,STOP VEH.RESRVD/DESIG LN TM/DY,969,2016
50,PARK HEAVY (TRUCK/VEH.) TM/DY,920,2016
51,PARK ACCESSIBLE NOT DROP OFF,752,2016
52,STOP-15M PEDESTRIAN X APPROACH,726,2016
53,PARK-30.5M SIGNALIZED INTERSCT,721,2016
54,PARK/STOP RGHT WHLS > 30CM CRB,627,2016
55,STND BUS-SIGNED HWY-PROH DY/TM,562,2016
56,PARK-(FRNT/60 CM) DRWAY/LANEWY,547,2016
57,PARK-FAIL TO ACTIVATE MACHINE ,522,2016
58,STND ACCESSIBLE LOAD NOT DRP/O,520,2016
59,PARK-SIGNED HWY-TURNING BASIN,327,2016
60,STAND TAXI-SIGNED STD-NOT HIRE,318,2016
61,PARK VEHICLE WHILE NOT IN PARK,279,2016
62,PARK-SIGNED HWY-15M INTERSECTN,272,2016
63,PARK VEHICLE - FOR SALE ,230,2016
64,PARK-30.5M FIRE HALL OPP SIDE,215,2016
65,STAND VEH.-SIGNED HWY-RUSH HR,212,2016
66,STOP - ON CENTRE STRIP,187,2016
67,PARK/LEAVE CONTRARY TO SIGN,185,2016
68,FAIL PARK/STP NEAR RIGHT LIMIT,185,2016
69,STAND VEHICLE WHERE PROHIBITED,177,2016
70,PARK BUS-SIGNED HWY-PROH DY/TM,145,2016
71,STOP-WITHIN (INTERSCTN/PED X),139,2016
72,STOP BUS-SIGNED HWY-PROH DY/TM,135,2016
73,STOP-ALONGSIDE EXCAV./OBSTR.,130,2016
74,PARK-15M OF DEAD END STREET,125,2016
75,PARK TAXI FOR HIRE-UNAUTH LOC,119,2016
76,PARK-SIGNED HWY-LESS THAN 6M W,111,2016
77,STOP-ACROSS FROM EXCAV./OBSTR.,111,2016
78,STND ACCESSIBLE LOAD NO PERMIT,87,2016
79,PARK MORE THAN 7DAYS NO PERMIT,79,2016
80,PARK MACHINE-FAIL TO ACTIVATE,73,2016
81,PARK - ON FRONT YARD,72,2016
82,PARK-SIGNED HWY-RUSH HOUR,66,2016
83,STOP - IN UNDERPASS ,64,2016
84,STAND VEH.-PSGR LD ZN DAY TIME,58,2016
85,STOP-ADJACENT MID. BOUL. SIDE,58,2016
86,PARK-ISSUED CARD NOT DISPLAYED,55,2016
87,PARK PRO VEH ON BICYCLE PATH,50,2016
88,STOP - ON MIDDLE BOULEVARD ,50,2016
89,STAND IN ACCESSIBLE NO PERMIT,49,2016
90,PARK MACHINE-NOT IN PERMITD TM,48,2016
91,PARK-15M MAILBOX SAME SIDE,39,2016
92,FAIL ANGLE PARK/STOP AT 45 DEG,39,2016
93,PARK ONSTRT ACCESSIBLE NOT D/O,38,2016
94,PARK OVERNIGHT NO PERMIT,36,2016
95,PARK-FEE NOT PD FOR TIME USED ,32,2016
96,STAND ACCESSIBLE NOT DROP OFF,31,2016
97,PARK OTHER THAN METERED SPACE,30,2016
98,PARK ACC NO PERMIT,26,2016
99,PARK/LEAVE-FIRE ROUTE,26,2016
100,STOP - ON BRIDGE ,24,2016
101,PARK/STAND CAR-SHARE VEH.-PERM,21,2016
102,STOP ONSTRT ACCESSIBLE NO PRMT,20,2016
103,FAIL TO (PARK/STOP) ANGLE SPCE,19,2016
104,PARK ACCESSIBLE LOAD NOT DRP/O,19,2016
105,PARK-HWY DRNG PROH TIMES/DAYS,19,2016
106,STOP-WITHIN 9M OF SCHOOL CROSS,19,2016
107,PARK ACCESSIBLE LOAD NO PERMIT,18,2016
108,PARK HWY AT PROHIB TIME/DAY,18,2016
109,STOP-ADJACENT CENTRE STRIP END,16,2016
110,FAIL PARK/STP LEFT WHLS PARALL,16,2016
111,PARK UNAUTH VEH IN HDCPD SPACE,13,2016
112,STOP - WITHIN 9.0M OF XWALK,12,2016
113,STOP SIDE STOPPED/PARKED VEH,11,2016
114,PARK VEHICLE PROHIBITED TIME,11,2016
115,PARK-30.5M APPROACH TO CRSSWLK,11,2016
116,PARK VEH.-WASH/GREASE/REPAIR,11,2016
117,PARK - BOULEVD NO VALID PLATES,9,2016
118,PARK-2 SPACES-NO FEE-MTR/MACH,9,2016
119,PARK-15M FAR SIDE OF CROSSWALK,9,2016
120,PARK/STOP LEFT WHLS > 30CM LFT,8,2016
121,STOP - BESIDE SAFETY ZONE,8,2016
122,PARK LT 0.3M FROM SIDEWALK,8,2016
123,PRK/STP LEFT WHLS CLSE TO LEFT,8,2016
124,STOP-HWY-PROHIBITED TIMES/DAYS,8,2016
125,PARK-PASSENGER/FREIGHT LOADING,7,2016
126,STOP NON-BUS - BUS LOAD ZONE,7,2016
127,PARK-7.5M FIRE HALL SAME SIDE,7,2016
128,PARK 3M OF FIRE HYDRANT,6,2016
129,PARK - FR YARD NO VALID PLATES,6,2016
130,PARK ON PRIV PROP NO CONSENT,6,2016
131,PARK LESS THAN 0.3M FROM WALL,6,2016
132,PARK-FAIL TO ACTIVATE METER,5,2016
133,PARK VEH BEYOND DESIG AREA,5,2016
134,PARK PRIVATE PROP NO CONSENT,5,2016
135,STAND VEH-HWY-PROH TIME/DAYS,5,2016
136,PARK/LEAVE BUS CONTR. TO SIGN,5,2016
137,FAIL TO PARK/STOP PARA TO CURB,4,2016
138,STAND VEHICLE-SIGNED HIGHWAY-3,4,2016
139,PARK SIGNED HWY EXCESS OF TIME,4,2016
140,STOP-WITHIN 15M OF SAFETY ZONE,4,2016
141,PARK LT 0.3M FROM WINDOW,4,2016
142,PARK BUS PK SPC/MCHINE-PR TIME,4,2016
143,STAND VEHICLE-SIGNED HIGHWAY,3,2016
144,STOP/STAND/PARK VEND NO PERMIT,3,2016
145,STOP HWY PROHIB TIME/DAY,3,2016
146,PARK - 2 SPACES - NO FEE      ,3,2016
147,PARK-HWY PROHIB TIMES/DAYS,3,2016
148,PARK-FRONT OF VEH NOT OPP MTR,3,2016
149,PARK VEHICLE LONGER THAN 24HR,3,2016
150,PARK HWY PRO TIMES/DAYS,3,2016
151,PARK LT 0.3M FROM RES BLD DOOR,3,2016
152,STOP-MORE THAN 1H AT LOC VEND,3,2016
153,PARK-PREVENT VEHICLE REMOVAL,2,2016
154,PARAL PRK-MTRD-FR WHLS NO OPP,2,2016
155,STOP/STAND/PARK - NO VEND ZONE,2,2016
156,PARK - 9M OF INTERSECTING HWY,2,2016
157,PARK BUS PK SPC/MCHINE-NOFEEPD,2,2016
158,PARK E-VEH. IN EV SP EXCESS TM,2,2016
159,PARK HWY OVER PERMITTED TIME,2,2016
160,PARK PRO VEH ON PEDESTRIAN WAY,2,2016
161,PARK PROHIBITED DAY/TIME,2,2016
162,STAND VEHICLE SIGNED HIGHWAY 2,2,2016
163,PARK VEH PRIVATE PRO NO CONSEN,2,2016
164,PARK VEH.-STRTCAR TRK SNOW RT,2,2016
165,PARK-FRONT OF BLDG ENTRY/EXIT,2,2016
166,STOP SIGNED HWY PRO TIMES/DAYS,2,2016
167,PARK-OBSTRUCT DRIVEWAY/LANEWAY,2,2016
168,STOP PROH TIME MUTUAL STREET,2,2016
169,STOP-ADJACENT CNTRE STRIP SIDE,1,2016
170,STOP ON/OVER SIDEWALK/FOOTPATH,1,2016
171,STOP ON/OVER SIDEWALK/PATH,1,2016
172,STOP-WITHIN SCHOOL BUS LOAD ZN,1,2016
173,STOP/STAND/PARK DESIGNATE AREA,1,2016
174,STOP/STAND/PARK NOT DESIG AREA,1,2016
175,STOP RDSDE STOPPED/PARKED VEH,1,2016
176,ANGLE PARK-METERED SPACE-FRONT,1,2016
177,STOP HWY PRO TIME/DAYS,1,2016
178,STAND VEH-HWY-PROH TIMES/DAYS,1,2016
179,FAIL PARK/STOP PAR RT HAND LTD,1,2016
180,PARALLEL PARK-METERED SPACE-FR,1,2016
181,PARALLEL PARK-METERED SPACE-RE,1,2016
182,PARK - 3M OF FIRE HYDRANT,1,2016
183,PARK - FIRE ROUTE,1,2016
184,PARK - NO FEE FOR PERIOD USED,1,2016
185,PARK 3 M OF FIRE HYDRANT,1,2016
186,PARK 9M OF INTERSECTING HWY,1,2016
187,PARK AT EXPIRED METER,1,2016
188,PARK HWY PROHIBITED TIMES/DAYS,1,2016
189,PARK IN ELECTRIC VEHICLE SPACE,1,2016
190,PARK MOTORCYCLE - IN SPACE,1,2016
191,PARK MOTORCYCLE-METER-GT 60DEG,1,2016
192,PARK MTRD EXCEEDS MAXIMUM TIME,1,2016
193,PARK MUN PROP NO CONSENT,1,2016
194,PARK NON-MTRCYCLE IN MTRCYC SP,1,2016
195,PARK OBSTRUCT DRIVEWAY/LANEWAY,1,2016
196,PARK ON PRIV PROP WITHOUT CONS,1,2016
197,PARK PRO VEH ON FOOTPATH,1,2016
198,PARK VEH.-BLOCK STCAR SNOW RT,1,2016
199,PARK VEHICLE/MOTORCYCLE .3M S,1,2016
200,ANGLE PARK-TOO FAR FROM METER ,1,2016
201,PARK-HWY-EXCESS PERMITTED TIME,1,2016
202,PARK-MUNICIPAL PROPERTY,1,2016
203,PARK-OBS DRIVEWAY/LANEWAY/RAMP,1,2016
204,PARK/LEAVE UNPD PARKING INV,1,2016
205,STAND SIGNED TAXICAB STAND,1,2016
206,STAND VEH HWY PROHIB TIME/DAY,1,2016
207,STAND VEH-HWY-18.5 PST BSTP SM,1,2016
208,PARK-ALONGSIDE (RAILWAY/CROSS),1,2016
0,PARK-SIGNED HWY-PROHIBIT DY/TM,379381,2017
1,PARK ON PRIVATE PROPERTY,368867,2017
2,PARK PROHIBITED TIME NO PERMIT,333730,2017
3,PARK MACHINE-REQD FEE NOT PAID,252267,2017
4,PARK - LONGER THAN 3 HOURS,123238,2017
5,STOP-SIGNED HWY-PROHIBIT TM/DY,105614,2017
6,STAND VEH.-PROHIBIT TIME/DAY,84371,2017
7,PARK-VEH. W/O VALID ONT PLATE,75404,2017
8,STOP-SIGNED HIGHWAY-RUSH HOUR,72844,2017
9,PARK-SIGNED HWY-EXC PERMT TIME,61277,2017
10,PARK-WITHIN 3M OF FIRE HYDRANT,32668,2017
11,PARK-N.YORK 2AM-6AM DEC1-MAR31,26760,2017
12,STAND SIGNED TRANSIT STOP,23851,2017
13,PARKING MACH-NOT USED/NO FEE,22833,2017
14,PARK COMMERC LOAD ZONE NOT LDG,18390,2017
15,STOP-(ON/OVER) (SIDEWK/FTPATH),15344,2017
16,PARK-SIGNED HWY-PUBLIC LANE,14359,2017
17,PARK IN A FIRE ROUTE,13055,2017
18,PARK-WITHIN 9M INTERSECT ROAD,11414,2017
19,PARK ON MUNICIPAL PROPERTY,10764,2017
20,PARK-FAIL TO DISPLAY PERMIT,9168,2017
21,PARK - ON BOULEVARD,8910,2017
22,STND ONSTRT ACCESSIBLE NO PRMT,6984,2017
23,STOP VEH OTR THN BCYCL-BYCL LN,5669,2017
24,STAND NON-TAXI IN SIGNED STAND,5437,2017
25,FAIL TO PARK/STOP PARALL. CURB,5022,2017
26,PARK-OBSTRUCT (DRWAY/LANEWAY),4834,2017
27,FAIL TO PARK/STOP PARALL. RGHT,3818,2017
28,PARK ONSTRT ACCESSIBLE NO PRMT,3298,2017
29,PARK IN PARK NOT IN DESIG AREA,3211,2017
30,PARK IN ACCESSIBLE NO PERMIT,3162,2017
31,STAND VEH.-PSGR LD ZN LD/UNLD,2859,2017
32,PARK CONTRARY POSTED CONDITION,2658,2017
33,PARK/STAND UNAUTH VEH. CAR SHR,2029,2017
34,PARK FAIL TO DEPOSIT FEE METER,2016,2017
35,PARK - NOT WITHIN PERIOD,1899,2017
36,STOP-ROAD SIDE-STOP/PARK VEH.,1767,2017
37,PARK - BETWEEN ROAD & SIDEWALK,1558,2017
38,STOP NON-BICYCLE IN CYCLE TRCK,1527,2017
39,PARK NON-BUS-BUS PK ZNE DY/TM,1396,2017
40,PARK VEH.-COMMERCIAL LOAD ZONE,1366,2017
41,PARK-W/O VALID NON-ONT PLATE,1331,2017
42,PARK VEHICLE OUTSIDE OF SPACE,1282,2017
43,STND ONSTRT ACCESSIBLE NOT D/O,1145,2017
44,STOP VEH.RESRVD/DESIG LN TM/DY,1122,2017
45,"PARK-SIGNED HWY-""T"" INTERSECTN",1047,2017
46,PARK VEHICLE ON ROADWAY,1029,2017
47,STOP-9 M PEDESTRIAN X BEYOND,1003,2017
48,STOP-NON-SCHL BUS IN SCHL LDZN,968,2017
49,PARK HEAVY (TRUCK/VEH.) TM/DY,793,2017
50,STND ACCESSIBLE LOAD NOT DRP/O,734,2017
51,STOP-15M PEDESTRIAN X APPROACH,719,2017
52,PARK-FAIL TO ACTIVATE MACHINE,643,2017
53,PARK-(FRNT/60 CM) DRWAY/LANEWY,545,2017
54,STND BUS-SIGNED HWY-PROH DY/TM,499,2017
55,STAND TAXI-SIGNED STD-NOT HIRE,489,2017
56,PARK ACCESSIBLE NOT DROP OFF,453,2017
57,PARK-30.5M SIGNALIZED INTERSCT,447,2017
58,PARK/STOP RGHT WHLS > 30CM CRB,413,2017
59,PARK-SIGNED HWY-TURNING BASIN,313,2017
60,PARK-30.5M FIRE HALL OPP SIDE,298,2017
61,PARK VEHICLE WHILE NOT IN PARK,268,2017
62,STAND VEH.-SIGNED HWY-RUSH HR,251,2017
63,PARK/LEAVE CONTRARY TO SIGN,250,2017
64,PARK-SIGNED HWY-15M INTERSECTN,229,2017
65,STOP - ON CENTRE STRIP,188,2017
66,STOP-WITHIN (INTERSCTN/PED X),185,2017
67,STAND VEH.-PSGR LD ZN DAY TIME,176,2017
68,PARK BUS-SIGNED HWY-PROH DY/TM,169,2017
69,PARK-SIGNED HWY-LESS THAN 6M W,157,2017
70,PARK VEHICLE - FOR SALE,132,2017
71,PARK-15M OF DEAD END STREET,126,2017
72,STOP - IN UNDERPASS,114,2017
73,STOP - ON MIDDLE BOULEVARD,96,2017
74,STOP BUS-SIGNED HWY-PROH DY/TM,93,2017
75,PARK TAXI FOR HIRE-UNAUTH LOC,84,2017
76,STOP-ACROSS FROM EXCAV./OBSTR.,83,2017
77,PARK-SIGNED HWY-RUSH HOUR,76,2017
78,STAND IN ACCESSIBLE NO PERMIT,75,2017
79,PARK FAIL TO DISPLAY RECEIPT,68,2017
80,PARK MORE THAN 7DAYS NO PERMIT,65,2017
81,STND ACCESSIBLE LOAD NO PERMIT,62,2017
82,STOP-ALONGSIDE EXCAV./OBSTR.,57,2017
83,PARK MACHINE-NOT IN PERMITD TM,53,2017
84,PARK-ISSUED CARD NOT DISPLAYED,51,2017
85,PARK OTHER THAN METERED SPACE,48,2017
86,PARK PRO VEH ON BICYCLE PATH,41,2017
87,STOP-ADJACENT MID. BOUL. SIDE,34,2017
88,PARK-15M MAILBOX SAME SIDE,32,2017
89,STOP-ADJACENT CENTRE STRIP END,29,2017
90,PARK OVERNIGHT NO PERMIT,28,2017
91,STAND VEHICLE WHERE PROHIBITED,24,2017
92,STOP - ON BRIDGE,24,2017
93,STAND ACCESSIBLE NOT DROP OFF,24,2017
94,PARK ONSTRT ACCESSIBLE NOT D/O,24,2017
95,STOP ONSTRT ACCESSIBLE NO PRMT,22,2017
96,PARK/LEAVE-FIRE ROUTE,22,2017
97,FAIL PARK/STP NEAR RIGHT LIMIT,21,2017
98,PARK MACHINE-FAIL TO ACTIVATE,20,2017
99,FAIL TO (PARK/STOP) ANGLE SPCE,18,2017
100,PARK ACCESSIBLE LOAD NO PERMIT,18,2017
101,PARK-7.5M FIRE HALL SAME SIDE,17,2017
102,PARK-15M FAR SIDE OF CROSSWALK,17,2017
103,PARK - ON FRONT YARD,17,2017
104,PARK VEH.-WASH/GREASE/REPAIR,16,2017
105,PARK ON PRIV PROP NO CONSENT,16,2017
106,PARK ACC NO PERMIT,16,2017
107,PARK-2 SPACES-NO FEE-MTR/MACH,15,2017
108,PARK-HWY DRNG PROH TIMES/DAYS,14,2017
109,STOP - WITHIN 9.0M OF XWALK,13,2017
110,PARK/STOP LEFT WHLS > 30CM LFT,12,2017
111,PARK ACCESSIBLE LOAD NOT DRP/O,12,2017
112,PARK-HWY PROHIB TIMES/DAYS,9,2017
113,FAIL PARK/STP LEFT WHLS PARALL,9,2017
114,PARK-PREVENT VEHICLE REMOVAL,9,2017
115,PARK-PASSENGER/FREIGHT LOADING,8,2017
116,PARK/STAND CAR-SHARE VEH.-PERM,8,2017
117,STOP NON-BUS - BUS LOAD ZONE,7,2017
118,PARK-FRONT OF BLDG ENTRY/EXIT,7,2017
119,PARK LESS THAN 0.3M FROM WALL,7,2017
120,PARK HWY AT PROHIB TIME/DAY,7,2017
121,PARK-FAIL TO ACTIVATE METER,7,2017
122,PARK - BOULEVD NO VALID PLATES,6,2017
123,STOP-WITHIN 9M OF SCHOOL CROSS,6,2017
124,PARAL PRK-MTRD-FR WHLS NO OPP,6,2017
125,PARK VEH BEYOND DESIG AREA,6,2017
126,PRK/STP LEFT WHLS CLSE TO LEFT,6,2017
127,PARK BUS-FAIL TO ACTIV MACHINE,5,2017
128,STAND VEHICLE-SIGNED HIGHWAY-3,4,2017
129,STOP HWY PROHIB TIME/DAY,4,2017
130,PARK - METER NOT USED,4,2017
131,PARK SIGNED HWY EXCESS OF TIME,4,2017
132,STOP-HWY-PROHIBITED TIMES/DAYS,4,2017
133,PARK VEHICLE LONGER THAN 24HR,4,2017
134,FAIL ANGLE PARK/STOP AT 45 DEG,3,2017
135,PARK PRIVATE PROP NO CONSENT,3,2017
136,PARK UNAUTH VEH IN HDCPD SPACE,3,2017
137,PARK/LEAVE BUS CONTR. TO SIGN,3,2017
138,PAR PARK-R OF VEH NOT OPP MTR,3,2017
139,PAR PARK - F TIRES NOT OPP MTR,3,2017
140,PARK-FRONT OF VEH NOT OPP MTR,3,2017
141,PARK-NOT WITHIN PERIOD,3,2017
142,PARK - 2 SPACES - NO FEE,2,2017
143,STAND VEHICLE SIGNED HIGHWAY 2,2,2017
144,PARK - NO FEE FOR PERIOD USED,2,2017
145,STOP-ADJACENT CNTRE STRIP SIDE,2,2017
146,LEAVE IN PARK NOT DESIG AREA,2,2017
147,STAND VEHICLE-SIGNED HIGHWAY,2,2017
148,PARK LT 0.3M FROM SIDEWALK,2,2017
149,PARK LT 0.3M FROM WINDOW,2,2017
150,PARK-R OF VEH TOO FAR FROM MTR,2,2017
151,PARK MTR REC VE NOT DESIG AREA,2,2017
152,PARK VEH PRIVATE PRO NO CONSEN,2,2017
153,STOP SIDE STOPPED/PARKED VEH,2,2017
154,Park Prohibited Area No Permit,2,2017
155,PARK-FEE NOT PD FOR TIME USED,2,2017
156,PARK-PART OF VEH OTSDMTRD SPC,2,2017
157,PARK-F OF VEH TOO FAR FROM MTR,2,2017
158,STOP HWY PROHIBITED TIMES/DAYS,1,2017
159,STOP-MORE THAN 1H AT LOC VEND,1,2017
160,STOP-ON/OVER SIDEWALK/FOOTPATH,1,2017
161,STOP ON/OVER SIDEWALK/FOOTPATH,1,2017
162,STOP-WITHIN 15M OF SAFETY ZONE,1,2017
163,STOP ON/OVER SIDEWALK/PATH,1,2017
164,STOP/STAND/PARK DESIGNATE AREA,1,2017
165,STOP/STAND/PARK VEND CONT ZONE,1,2017
166,ANGLE PARK-TOO FAR FROM METER,1,2017
167,STOP - ON ELEVATED STRUCTURE,1,2017
168,PARK HWY PRO TIMES/DAYS,1,2017
169,FAIL TO PARK/STOP PARA TO CURB,1,2017
170,FAIL TO PARK/STOP PARALLEL-RIG,1,2017
171,PARALLEL PARK-METERED SPACE-FR,1,2017
172,PARK - 3M OF FIRE HYDRANT,1,2017
173,PARK - FR YARD NO VALID PLATES,1,2017
174,PARK AT EXPIRED METER,1,2017
175,PARK BUS PK SPC/MCHINE-NOFEEPD,1,2017
176,PARK BUS-METER-PROHIBITED TIME,1,2017
177,PARK ELECT. VEH. NOT CONNECTED,1,2017
178,PARK HWY 30.5 M OF SIGNAL INT,1,2017
179,PARK HWY ENTER/EXIT BLD ENCL,1,2017
180,PARK HWY OVER PERMITTED TIME,1,2017
181,PARK HWY PROHIBITED TIMES/DAYS,1,2017
182,STAND VEH-HWY-18.5 PST BSTP SM,1,2017
183,PARK LT 0.3M FROM RES BLD DOOR,1,2017
184,PARK MUN PROP NO CONSENT,1,2017
185,PARK NOT WITHIN PERMITTED TIME,1,2017
186,PARK ON MUN PROP NO CONSENT,1,2017
187,PARK PRO VEH ON FOOTPATH,1,2017
188,PARK PRO VEH ON PEDESTRIAN WAY,1,2017
189,PARK SIGNED HWY PRO TIMES/DAYS,1,2017
190,PARK VEH.-PROHIBITED AREA SNOW,1,2017
191,PARK-30.5M APPROACH TO CRSSWLK,1,2017
192,PARK-3M OF FIRE HYDRANT,1,2017
193,PARK-FAIL TO DEPOSIT FEE METER,1,2017
194,STAND SIGNED TAXICAB STAND,1,2017
195,STOP/STAND/PARK VEND NO PERMIT,1,2017
0,PARK ON PRIVATE PROPERTY,393451,2018
1,PARK-SIGNED HWY-PROHIBIT DY/TM,337268,2018
2,PARK PROHIBITED TIME NO PERMIT,298487,2018
3,PARK MACHINE-REQD FEE NOT PAID,231652,2018
4,PARK - LONGER THAN 3 HOURS,113134,2018
5,STOP-SIGNED HWY-PROHIBIT TM/DY,103525,2018
6,PARK-VEH. W/O VALID ONT PLATE,88263,2018
7,STAND VEH.-PROHIBIT TIME/DAY,73121,2018
8,STOP-SIGNED HIGHWAY-RUSH HOUR,67693,2018
9,PARK-SIGNED HWY-EXC PERMT TIME,52498,2018
10,PARK-WITHIN 3M OF FIRE HYDRANT,28433,2018
11,PARKING MACH-NOT USED/NO FEE,26059,2018
12,PARK-N.YORK 2AM-6AM DEC1-MAR31,25916,2018
13,STAND SIGNED TRANSIT STOP,23802,2018
14,PARK COMMERC LOAD ZONE NOT LDG,18106,2018
15,STOP-(ON/OVER) (SIDEWK/FTPATH),13070,2018
16,PARK-SIGNED HWY-PUBLIC LANE,13006,2018
17,PARK ON MUNICIPAL PROPERTY,12911,2018
18,PARK IN A FIRE ROUTE,12811,2018
19,PARK-WITHIN 9M INTERSECT ROAD,10586,2018
20,PARK - ON BOULEVARD,8706,2018
21,PARK NON-MTRCYCLE IN MTRCYC SP,6798,2018
22,PARK-FAIL TO DISPLAY PERMIT,6498,2018
23,STND ONSTRT ACCESSIBLE NO PRMT,6258,2018
24,STOP VEH OTR THN BCYCL-BYCL LN,5696,2018
25,STAND NON-TAXI IN SIGNED STAND,5400,2018
26,PARK-OBSTRUCT (DRWAY/LANEWAY),4907,2018
27,PARK CONTRARY POSTED CONDITION,4770,2018
28,FAIL TO PARK/STOP PARALL. CURB,4365,2018
29,STAND VEH.-PSGR LD ZN LD/UNLD,3809,2018
30,PARK IN PARK NOT IN DESIG AREA,3767,2018
31,PARK IN ACCESSIBLE NO PERMIT,3201,2018
32,FAIL TO PARK/STOP PARALL. RGHT,3061,2018
33,PARK ONSTRT ACCESSIBLE NO PRMT,2653,2018
34,STOP-ROAD SIDE-STOP/PARK VEH.,2085,2018
35,PARK/STAND UNAUTH VEH. CAR SHR,1717,2018
36,PARK - BETWEEN ROAD & SIDEWALK,1706,2018
37,PARK VEHICLE OUTSIDE OF SPACE,1673,2018
38,PARK - NOT WITHIN PERIOD,1638,2018
39,PARK NON-BUS-BUS PK ZNE DY/TM,1634,2018
40,STOP NON-BICYCLE IN CYCLE TRCK,1595,2018
41,PARK FAIL TO DEPOSIT FEE METER,1332,2018
42,PARK-FAIL TO ACTIVATE MACHINE,1295,2018
43,PARK VEH.-COMMERCIAL LOAD ZONE,1230,2018
44,PARK-W/O VALID NON-ONT PLATE,1204,2018
45,STOP VEH.RESRVD/DESIG LN TM/DY,1023,2018
46,"PARK-SIGNED HWY-""T"" INTERSECTN",1014,2018
47,STOP-9 M PEDESTRIAN X BEYOND,912,2018
48,PARK HEAVY (TRUCK/VEH.) TM/DY,884,2018
49,PARK-30.5M SIGNALIZED INTERSCT,844,2018
50,STND ONSTRT ACCESSIBLE NOT D/O,826,2018
51,STOP-NON-SCHL BUS IN SCHL LDZN,758,2018
52,STOP-15M PEDESTRIAN X APPROACH,731,2018
53,PARK VEHICLE ON ROADWAY,543,2018
54,PARK-(FRNT/60 CM) DRWAY/LANEWY,492,2018
55,PARK/STOP RGHT WHLS > 30CM CRB,392,2018
56,PARK ACCESSIBLE NOT DROP OFF,375,2018
57,PARK-30.5M FIRE HALL OPP SIDE,341,2018
58,PARK-SIGNED HWY-TURNING BASIN,324,2018
59,PARK/LEAVE CONTRARY TO SIGN,324,2018
60,STAND TAXI-SIGNED STD-NOT HIRE,316,2018
61,STND BUS-SIGNED HWY-PROH DY/TM,307,2018
62,STAND VEH.-SIGNED HWY-RUSH HR,224,2018
63,STND ACCESSIBLE LOAD NOT DRP/O,206,2018
64,STAND VEH.-PSGR LD ZN DAY TIME,180,2018
65,PARK-SIGNED HWY-15M INTERSECTN,167,2018
66,STOP - ON CENTRE STRIP,149,2018
67,PARK VEHICLE WHILE NOT IN PARK,147,2018
68,STND ACCESSIBLE LOAD NO PERMIT,145,2018
69,PARK-15M OF DEAD END STREET,135,2018
70,PARK MORE THAN 7DAYS NO PERMIT,116,2018
71,PARK MACHINE-FAIL TO ACTIVATE,102,2018
72,STOP - ON MIDDLE BOULEVARD,95,2018
73,PARK BUS-SIGNED HWY-PROH DY/TM,93,2018
74,PARK - ON FRONT YARD,91,2018
75,STAND IN ACCESSIBLE NO PERMIT,89,2018
76,PARK-SIGNED HWY-LESS THAN 6M W,77,2018
77,STOP-WITHIN (INTERSCTN/PED X),76,2018
78,PARK TAXI FOR HIRE-UNAUTH LOC,69,2018
79,PARK VEHICLE - FOR SALE,68,2018
80,PARK MACHINE-NOT IN PERMITD TM,64,2018
81,PARK PRO VEH ON BICYCLE PATH,51,2018
82,STOP BUS-SIGNED HWY-PROH DY/TM,44,2018
83,PARK ONSTRT ACCESSIBLE NOT D/O,42,2018
84,PARK ACCESSIBLE LOAD NO PERMIT,40,2018
85,STOP - ON BRIDGE,40,2018
86,STAND ACCESSIBLE NOT DROP OFF,35,2018
87,PARK-7.5M FIRE HALL SAME SIDE,34,2018
88,PARK - BOULEVD NO VALID PLATES,30,2018
89,STOP-ACROSS FROM EXCAV./OBSTR.,29,2018
90,STOP ONSTRT ACCESSIBLE NO PRMT,27,2018
91,STOP - IN UNDERPASS,24,2018
92,PARK OVERNIGHT NO PERMIT,23,2018
93,PARK-ISSUED CARD NOT DISPLAYED,22,2018
94,STOP-ALONGSIDE EXCAV./OBSTR.,21,2018
95,STOP-ADJACENT MID. BOUL. SIDE,18,2018
96,PARK ACCESSIBLE LOAD NOT DRP/O,18,2018
97,PARK ACC NO PERMIT,17,2018
98,STOP NON-BUS - BUS LOAD ZONE,14,2018
99,PARK - 2 SPACES - NO FEE,13,2018
100,PARK VEH.-WASH/GREASE/REPAIR,13,2018
101,PARK-15M MAILBOX SAME SIDE,12,2018
102,STOP-ADJACENT CENTRE STRIP END,11,2018
103,PARK PRIVATE PROP NO CONSENT,11,2018
104,PRK/STP LEFT WHLS CLSE TO LEFT,11,2018
105,STOP-WITHIN 9M OF SCHOOL CROSS,9,2018
106,STOP SIDE STOPPED/PARKED VEH,9,2018
107,FAIL PARK/STP NEAR RIGHT LIMIT,9,2018
108,STOP - BESIDE SAFETY ZONE,9,2018
109,PARK OTHER THAN METERED SPACE,8,2018
110,FAIL PARK/STP LEFT WHLS PARALL,8,2018
111,FAIL TO (PARK/STOP) ANGLE SPCE,8,2018
112,STAND VEHICLE WHERE PROHIBITED,8,2018
113,PARK/STAND CAR-SHARE VEH.-PERM,7,2018
114,PAR PARK - F TIRES NOT OPP MTR,6,2018
115,PARK/LEAVE-FIRE ROUTE,6,2018
116,PARK-HWY PROHIB TIMES/DAYS,6,2018
117,PARK ON PRIV PROP NO CONSENT,6,2018
118,STOP/STAND/PARK VEND NO PERMIT,6,2018
119,STOP-HWY-PROHIBITED TIMES/DAYS,5,2018
120,PARK-FRONT OF BLDG ENTRY/EXIT,5,2018
121,PARK-SIGNED HWY-RUSH HOUR,4,2018
122,STOP HWY PRO TIME/DAYS,4,2018
123,PARK-HWY DRNG PROH TIMES/DAYS,4,2018
124,FAIL ANGLE PARK/STOP AT 45 DEG,3,2018
125,PARAL PRK-MTRD-FR WHLS NO OPP,3,2018
126,PARK LT 0.3M FROM SIDEWALK,3,2018
127,PARK EXCEEDS MAXIMUM TIME,3,2018
128,STOP-ADJACENT MID. BOUL. END,3,2018
129,PARK-3M OF FIRE HYDRANT,3,2018
130,PARK-ALONGSIDE (RAILWAY/CROSS),3,2018
131,PARK-30.5M APPROACH TO CRSSWLK,3,2018
132,STAND VEHICLE-SIGNED HIGHWAY-3,2,2018
133,PARK-FRONT OF VEH NOT OPP MTR,2,2018
134,PAR PARK-R OF VEH NOT OPP MTR,2,2018
135,PARK-PREVENT VEHICLE REMOVAL,2,2018
136,PARK HWY PROHIBITED TIMES/DAYS,2,2018
137,PARK VEHICLE PROHIBITED TIME,2,2018
138,STAND VEHICLE-SIGNED HIGHWAY,2,2018
139,PARK MTR REC VE NOT DESIG AREA,2,2018
140,PARK/LEAVE UNPD PARKING INV,2,2018
141,STOP-ADJACENT CNTRE STRIP SIDE,1,2018
142,PARK HWY AT PROHIB TIME/DAY,1,2018
143,FAIL TO PARK/STOP PARALLEL TO,1,2018
144,STOP-WITHIN 15M OF SAFETY ZONE,1,2018
145,PARK E-VEH. IN EV SP EXCESS TM,1,2018
146,PARK 9M OF INTERSECTING HWY,1,2018
147,PARK BUS-FAIL TO ACTIV MACHINE,1,2018
148,LEAVE IN PARK NOT DESIG AREA,1,2018
149,PARK - LONGER THAN 3 HOURS ,1,2018
150,PARK - FR YARD NO VALID PLATES,1,2018
151,PARK - 9M OF INTERSECTING HWY,1,2018
152,PARK HWY PRO TIMES/DAYS,1,2018
153,STAND SIGNED TAXICAB STAND,1,2018
154,PARK IN 30.5M SIGNAL X WALK,1,2018
155,PARK VEHICLE LONGER THAN 24HR,1,2018
156,STAND VEH HWY 30.5 BEF BST OPP,1,2018
157,STAND VEH HWY PRO TIMES/DAYS,1,2018
158,PARK-R OF VEH TOO FAR FROM MTR,1,2018
159,PARK-PASSENGER/FREIGHT LOADING,1,2018
160,PARK-INTERF W FUNERAL PROCESS.,1,2018
161,PARK-2 SPACES-NO FEE-MTR/MACH,1,2018
162,PARK VEH.-STRTCAR TRK SNOW RT,1,2018
163,PARK LESS THAN 0.3M FROM WALL,1,2018
164,PARK PRO VEH ON PEDESTRIAN WAY,1,2018
165,PARK ON MUN PROP NO CONSENT,1,2018
166,PARK ON BOULEVARD,1,2018
167,PARK/STAND/STOP NO PERMIT,1,2018
168,STOP PROHIBITED TIME - WOOD ST,1,2018
169,STOP RD SIDE STOP/PARKED VEH,1,2018
170,STOP ON/OVER SIDEWALK/FOOTPATH,1,2018
0,PARK ON PRIVATE PROPERTY,456362,2019
1,PARK-SIGNED HWY-PROHIBIT DY/TM,334575,2019
2,PARK MACHINE-REQD FEE NOT PAID,286578,2019
3,PARK PROHIBITED TIME NO PERMIT,280619,2019
4,PARK - LONGER THAN 3 HOURS,144374,2019
5,STOP-SIGNED HWY-PROHIBIT TM/DY,105792,2019
6,PARK-VEH. W/O VALID ONT PLATE,103578,2019
7,STAND VEH.-PROHIBIT TIME/DAY,68904,2019
8,STOP-SIGNED HIGHWAY-RUSH HOUR,67787,2019
9,PARK-SIGNED HWY-EXC PERMT TIME,60923,2019
10,PARKING MACH-NOT USED/NO FEE,31619,2019
11,PARK-WITHIN 3M OF FIRE HYDRANT,29016,2019
12,PARK-N.YORK 2AM-6AM DEC1-MAR31,23546,2019
13,PARK ON MUNICIPAL PROPERTY,21348,2019
14,PARK COMMERC LOAD ZONE NOT LDG,20715,2019
15,STAND SIGNED TRANSIT STOP,19440,2019
16,PARK IN A FIRE ROUTE,13651,2019
17,STOP-(ON/OVER) (SIDEWK/FTPATH),12527,2019
18,PARK-SIGNED HWY-PUBLIC LANE,12058,2019
19,PARK - ON BOULEVARD,9706,2019
20,PARK-WITHIN 9M INTERSECT ROAD,9545,2019
21,PARK-FAIL TO DISPLAY PERMIT,8007,2019
22,PARK NON-MTRCYCLE IN MTRCYC SP,7148,2019
23,STND ONSTRT ACCESSIBLE NO PRMT,6584,2019
24,STAND NON-TAXI IN SIGNED STAND,5653,2019
25,PARK-OBSTRUCT (DRWAY/LANEWAY),5488,2019
26,FAIL TO PARK/STOP PARALL. CURB,5305,2019
27,STOP VEH OTR THN BCYCL-BYCL LN,5188,2019
28,PARK CONTRARY POSTED CONDITION,4842,2019
29,PARK IN PARK NOT IN DESIG AREA,4627,2019
30,PARK IN ACCESSIBLE NO PERMIT,4255,2019
31,STAND VEH.-PSGR LD ZN LD/UNLD,3508,2019
32,FAIL TO PARK/STOP PARALL. RGHT,3077,2019
33,PARK ONSTRT ACCESSIBLE NO PRMT,2398,2019
34,PARK - NOT WITHIN PERIOD,2124,2019
35,PARK-30.5M SIGNALIZED INTERSCT,1979,2019
36,PARK - BETWEEN ROAD & SIDEWALK,1967,2019
37,PARK NON-BUS-BUS PK ZNE DY/TM,1964,2019
38,PARK/STAND UNAUTH VEH. CAR SHR,1937,2019
39,PARK-W/O VALID NON-ONT PLATE,1635,2019
40,STOP NON-BICYCLE IN CYCLE TRCK,1630,2019
41,PARK VEHICLE OUTSIDE OF SPACE,1519,2019
42,STOP-ROAD SIDE-STOP/PARK VEH.,1516,2019
43,PARK-FAIL TO ACTIVATE MACHINE,1390,2019
44,STOP-NON-SCHL BUS IN SCHL LDZN,1219,2019
45,"PARK-SIGNED HWY-""T"" INTERSECTN",1104,2019
46,PARK HEAVY (TRUCK/VEH.) TM/DY,1014,2019
47,PARK VEH.-COMMERCIAL LOAD ZONE,994,2019
48,STND ONSTRT ACCESSIBLE NOT D/O,976,2019
49,STOP VEH.RESRVD/DESIG LN TM/DY,975,2019
50,STOP-9 M PEDESTRIAN X BEYOND,887,2019
51,PARK FAIL TO DEPOSIT FEE METER,802,2019
52,PARK VEHICLE ON ROADWAY,708,2019
53,STOP - ON BRIDGE,573,2019
54,STOP-15M PEDESTRIAN X APPROACH,555,2019
55,PARK-(FRNT/60 CM) DRWAY/LANEWY,510,2019
56,PARK-SIGNED HWY-TURNING BASIN,449,2019
57,PARK ACCESSIBLE NOT DROP OFF,409,2019
58,PARK/STOP RGHT WHLS > 30CM CRB,406,2019
59,PARK MACHINE-NOT IN PERMITD TM,398,2019
60,PARK/LEAVE CONTRARY TO SIGN,354,2019
61,STOP - ON CENTRE STRIP,340,2019
62,STAND TAXI-SIGNED STD-NOT HIRE,283,2019
63,PARK MACHINE-FAIL TO ACTIVATE,247,2019
64,STND ACCESSIBLE LOAD NO PERMIT,246,2019
65,STOP-ALONGSIDE EXCAV./OBSTR.,238,2019
66,STAND VEH.-SIGNED HWY-RUSH HR,229,2019
67,STAND IN ACCESSIBLE NO PERMIT,224,2019
68,PARK-SIGNED HWY-15M INTERSECTN,221,2019
69,PARK VEHICLE WHILE NOT IN PARK,211,2019
70,STAND VEH.-PSGR LD ZN DAY TIME,204,2019
71,STND ACCESSIBLE LOAD NOT DRP/O,185,2019
72,PARK-15M OF DEAD END STREET,184,2019
73,PARK MORE THAN 7DAYS NO PERMIT,163,2019
74,PARK - BOULEVD NO VALID PLATES,155,2019
75,STOP - ON MIDDLE BOULEVARD,152,2019
76,PARK VEHICLE - FOR SALE,97,2019
77,PARK PRO VEH ON BICYCLE PATH,97,2019
78,STND BUS-SIGNED HWY-PROH DY/TM,84,2019
79,STOP SIDE STOPPED/PARKED VEH,84,2019
80,PARK ACC NO PERMIT,83,2019
81,FAIL PARK/STP NEAR RIGHT LIMIT,77,2019
82,PARK - ON FRONT YARD,76,2019
83,PARK ONSTRT ACCESSIBLE NOT D/O,72,2019
84,STOP - IN UNDERPASS,71,2019
85,PARK TAXI FOR HIRE-UNAUTH LOC,63,2019
86,STOP - BESIDE SAFETY ZONE,62,2019
87,PARK/STAND CAR-SHARE VEH.-PERM,60,2019
88,STAND ACCESSIBLE NOT DROP OFF,55,2019
89,PARK ACCESSIBLE LOAD NO PERMIT,49,2019
90,STOP-WITHIN (INTERSCTN/PED X),44,2019
91,STOP-ADJACENT MID. BOUL. SIDE,41,2019
92,PARK/STOP LEFT WHLS > 30CM LFT,39,2019
93,PARK-ISSUED CARD NOT DISPLAYED,37,2019
94,STOP UNAUTH VEHICLE VEND AREA,37,2019
95,PARK-30.5M FIRE HALL OPP SIDE,34,2019
96,PARK-7.5M FIRE HALL SAME SIDE,31,2019
97,STOP BUS-SIGNED HWY-PROH DY/TM,31,2019
98,PARK LT 0.3M FROM SIDEWALK,28,2019
99,PARK-SIGNED HWY-LESS THAN 6M W,27,2019
100,PARK ACCESSIBLE LOAD NOT DRP/O,24,2019
101,PARK BUS-SIGNED HWY-PROH DY/TM,24,2019
102,STOP-ACROSS FROM EXCAV./OBSTR.,23,2019
103,FAIL PARK/STP LEFT WHLS PARALL,23,2019
104,PARK VEH.-WASH/GREASE/REPAIR,22,2019
105,PARK-15M FAR SIDE OF CROSSWALK,21,2019
106,PARK PRIVATE PROP NO CONSENT,20,2019
107,PARK OTHER THAN METERED SPACE,20,2019
108,PRK/STP LEFT WHLS CLSE TO LEFT,18,2019
109,STOP ONSTRT ACCESSIBLE NO PRMT,16,2019
110,PARK-15M MAILBOX SAME SIDE,16,2019
111,STOP NON-BUS - BUS LOAD ZONE,16,2019
112,STOP-MORE THAN 3H ON HWY VEND,16,2019
113,PARK-FRONT OF BLDG ENTRY/EXIT,15,2019
114,STOP-WITHIN 9M OF SCHOOL CROSS,13,2019
115,PARK-30.5M APPROACH TO CRSSWLK,13,2019
116,STOP-ADJACENT CENTRE STRIP END,12,2019
117,FAIL ANGLE PARK/STOP AT 45 DEG,12,2019
118,PARK - 2 SPACES - NO FEE,11,2019
119,PARK VEH LNGR THAN 20 MIN,11,2019
120,PARK MTRD EXCEEDS MAXIMUM TIME,10,2019
121,PARK VEHICLE LONGER THAN 24HR,10,2019
122,STAND VEHICLE-SIGNED HIGHWAY,10,2019
123,STOP VEH - PROHIBITED TIME,8,2019
124,PARK OVERNIGHT NO PERMIT,8,2019
125,PARK ON MUN PROP NO CONSENT,8,2019
126,STAND VEHICLE WHERE PROHIBITED,7,2019
127,PARK MOTORCYCLE-METER-LT 45DEG,7,2019
128,PARK VEH.-BLOCK STCAR SNOW RT,7,2019
129,PARK ON PRIV PROP NO CONSENT,7,2019
130,FAIL TO (PARK/STOP) ANGLE SPCE,7,2019
131,PARK VEHICLE PROHIBITED TIME,7,2019
132,PARK NON-BUS-BUS PK SPC/MCHINE,6,2019
133,PARK PRO VEH ON PEDESTRIAN WAY,5,2019
134,PARK/LEAVE-FIRE ROUTE,5,2019
135,PARK PRO VEH ON FOOTPATH,5,2019
136,PARK-15M OF RAILWAY TRK/X'ING,5,2019
137,STOP ACC NO PERMIT,4,2019
138,PARK SIGNED HWY EXCESS OF TIME,3,2019
139,PARK - FR YARD NO VALID PLATES,3,2019
140,STOP-HWY-PROHIBITED TIMES/DAYS,3,2019
141,PARK MOTORCYCLE-MCHNE LT 45DEG,3,2019
142,STAND VEHICLE-SIGNED HIGHWAY-3,3,2019
143,PARK/LEAVE BUS CONTR. TO SIGN,3,2019
144,STOP HWY PROHIBITED TIMES/DAYS,2,2019
145,PARK - METER NOT USED,2,2019
146,PARK ELECT. VEH. NOT CONNECTED,2,2019
147,STOP-ADJACENT MID. BOUL. END,2,2019
148,PARK PRIVATE VEHICLE ON SITE,2,2019
149,STOP-ADJACENT CNTRE STRIP SIDE,2,2019
150,STOP-WITHIN 15M OF SAFETY ZONE,2,2019
151,STOP SIGNED HWY PRO TIMES/DAYS,2,2019
152,PARK HWY PROHIBITED TIMES/DAYS,1,2019
153,PARALLEL PARK-METERED SPACE-RE,1,2019
154,PARK BUS PK SPC/MCHINE-NOFEEPD,1,2019
155,PARK BUS-FAIL TO ACTIV MACHINE,1,2019
156,PARAL PRK-MTRD-FR WHLS NO OPP,1,2019
157,PAR PARK-R OF VEH NOT OPP MTR,1,2019
158,PAR PARK - F TIRES NOT OPP MTR,1,2019
159,LEAVE IN PARK NOT DESIG AREA,1,2019
160,PARK E-VEH. IN EV SP EXCESS TM,1,2019
161,FAIL TO PARK/STOP PAR TO CURB,1,2019
162,PARK HWY OVER PERMITTED TIME,1,2019
163,PARK-SIGNED HWY-RUSH HOUR,1,2019
164,STOP ROADSIDE STOPPED VEHICLE,1,2019
165,PARK UNAUTH. VEH IN E-VEH. STN,1,2019
166,PARK-INTERF W FUNERAL PROCESS.,1,2019
167,PARK-FRONT OF VEH NOT OPP MTR,1,2019
168,PARK-FEE NOT PD FOR TIME USED,1,2019
169,PARK-FAIL TO ACTIVATE METER,1,2019
170,PARK-F OF VEH TOO FAR FROM MTR,1,2019
171,STAND HANDICAP LOADING ZONE,1,2019
172,PARK VEH.-STRTCAR TRK SNOW RT,1,2019
173,STAND VEH HWY 30.5 BEF BST OPP,1,2019
174,STAND VEH-HWY-18.5 PST BSTP SM,1,2019
175,STAND VEHICLE SIGNED HIGHWAY 2,1,2019
176,PARK IN 30.5M SIGNAL X WALK,1,2019
177,STAND VEHICLE UNATTENDED,1,2019
178,PARK MUN PROP NO CONSENT,1,2019
179,STOP - IN TUNNEL,1,2019
180,PARK-PART OF VEH OTSDMTRD SPC,1,2019
181,PARK MTRCYCLE ANGLE SP < 45DEG,1,2019
182,PARK MTR REC VE NOT DESIG AREA,1,2019
183,PARK LT 0.3M FROM RES BLD DOOR,1,2019
184,PARK IN ELECTRIC VEHICLE SPACE,1,2019
185,STOP ON/OVER SIDEWALK/FOOTPATH,1,2019
186,ANGLE PARK-METERED SPACE-FRONT,1,2019
0,PARK ON PRIVATE PROPERTY,338193,2020
1,PARK MACHINE-REQD FEE NOT PAID,215036,2020
2,PARK-SIGNED HWY-PROHIBIT DY/TM,204649,2020
3,PARK PROHIBITED TIME NO PERMIT,161725,2020
4,STOP-SIGNED HWY-PROHIBIT TM/DY,69283,2020
5,PARK - LONGER THAN 3 HOURS,67394,2020
6,STAND VEH.-PROHIBIT TIME/DAY,43252,2020
7,PARK-SIGNED HWY-EXC PERMT TIME,39761,2020
8,PARK ON MUNICIPAL PROPERTY,38831,2020
9,PARK-VEH. W/O VALID ONT PLATE,27665,2020
10,PARK-N.YORK 2AM-6AM DEC1-MAR31,24118,2020
11,STOP-SIGNED HIGHWAY-RUSH HOUR,19526,2020
12,PARK-WITHIN 3M OF FIRE HYDRANT,16316,2020
13,PARK COMMERC LOAD ZONE NOT LDG,13470,2020
14,PARK IN A FIRE ROUTE,10510,2020
15,STAND SIGNED TRANSIT STOP,9891,2020
16,PARKING MACH-NOT USED/NO FEE,8065,2020
17,STOP-(ON/OVER) (SIDEWK/FTPATH),7588,2020
18,PARK-SIGNED HWY-PUBLIC LANE,7483,2020
19,PARK CONTRARY POSTED CONDITION,7077,2020
20,PARK - ON BOULEVARD,6727,2020
21,PARK IN PARK NOT IN DESIG AREA,6646,2020
22,PARK-WITHIN 9M INTERSECT ROAD,4976,2020
23,STOP VEH OTR THN BCYCL-BYCL LN,4904,2020
24,STND ONSTRT ACCESSIBLE NO PRMT,4420,2020
25,PARK-FAIL TO DISPLAY PERMIT,4210,2020
26,STAND NON-TAXI IN SIGNED STAND,3856,2020
27,PARK-OBSTRUCT (DRWAY/LANEWAY),3797,2020
28,PARK NON-MTRCYCLE IN MTRCYC SP,2855,2020
29,FAIL TO PARK/STOP PARALL. CURB,2742,2020
30,PARK NON-BUS-BUS PK ZNE DY/TM,2706,2020
31,PARK IN ACCESSIBLE NO PERMIT,2538,2020
32,STOP NON-BICYCLE IN CYCLE TRCK,2515,2020
33,STAND VEH.-PSGR LD ZN LD/UNLD,1803,2020
34,STOP VEH.RESRVD/DESIG LN TM/DY,1749,2020
35,FAIL TO PARK/STOP PARALL. RGHT,1748,2020
36,PARK ONSTRT ACCESSIBLE NO PRMT,1618,2020
37,PARK/STAND UNAUTH VEH. CAR SHR,1325,2020
38,PARK - BETWEEN ROAD & SIDEWALK,917,2020
39,STOP-ROAD SIDE-STOP/PARK VEH.,773,2020
40,PARK VEH.-COMMERCIAL LOAD ZONE,737,2020
41,"PARK-SIGNED HWY-""T"" INTERSECTN",588,2020
42,PARK FAIL TO DEPOSIT FEE METER,526,2020
43,PARK HEAVY (TRUCK/VEH.) TM/DY,515,2020
44,STOP-9 M PEDESTRIAN X BEYOND,476,2020
45,STOP-NON-SCHL BUS IN SCHL LDZN,456,2020
46,PARK - NOT WITHIN PERIOD,432,2020
47,PARK-(FRNT/60 CM) DRWAY/LANEWY,424,2020
48,PARK VEHICLE OUTSIDE OF SPACE,416,2020
49,PARK/STOP RGHT WHLS > 30CM CRB,385,2020
50,STND ONSTRT ACCESSIBLE NOT D/O,357,2020
51,PARK MACHINE-NOT IN PERMITD TM,345,2020
52,STOP-15M PEDESTRIAN X APPROACH,339,2020
53,PARK-30.5M SIGNALIZED INTERSCT,335,2020
54,PARK-W/O VALID NON-ONT PLATE,323,2020
55,STND ACCESSIBLE LOAD NO PERMIT,262,2020
56,PARK-SIGNED HWY-15M INTERSECTN,232,2020
57,STOP - ON CENTRE STRIP,223,2020
58,PARK ACCESSIBLE NOT DROP OFF,200,2020
59,FAIL PARK/STP NEAR RIGHT LIMIT,188,2020
60,PARK-SIGNED HWY-TURNING BASIN,170,2020
61,PARK MACHINE-FAIL TO ACTIVATE,167,2020
62,STOP - IN UNDERPASS,145,2020
63,STAND VEH.-PSGR LD ZN DAY TIME,141,2020
64,FAIL ANGLE PARK/STOP AT 45 DEG,136,2020
65,STAND IN ACCESSIBLE NO PERMIT,133,2020
66,STOP-ACROSS FROM EXCAV./OBSTR.,125,2020
67,PARK PRO VEH ON BICYCLE PATH,113,2020
68,PARK/STAND CAR-SHARE VEH.-PERM,111,2020
69,PARK-15M OF DEAD END STREET,96,2020
70,PARK ACCESSIBLE LOAD NO PERMIT,88,2020
71,PARK VEHICLE ON ROADWAY,85,2020
72,STOP-ADJACENT MID. BOUL. SIDE,79,2020
73,PARK IN ELECTRIC VEHICLE SPACE,78,2020
74,PARK MORE THAN 7DAYS NO PERMIT,77,2020
75,STOP - ON MIDDLE BOULEVARD,76,2020
76,PARK ACC NO PERMIT,74,2020
77,STAND ACCESSIBLE NOT DROP OFF,71,2020
78,STAND TAXI-SIGNED STD-NOT HIRE,69,2020
79,STOP - BESIDE SAFETY ZONE,69,2020
80,STND ACCESSIBLE LOAD NOT DRP/O,62,2020
81,STOP-ALONGSIDE EXCAV./OBSTR.,59,2020
82,STAND VEH.-SIGNED HWY-RUSH HR,59,2020
83,PARK - BOULEVD NO VALID PLATES,46,2020
84,STOP-WITHIN (INTERSCTN/PED X),45,2020
85,STOP UNAUTH VEHICLE VEND AREA,44,2020
86,STOP - ON BRIDGE,44,2020
87,PARK/LEAVE CONTRARY TO SIGN,42,2020
88,PARK TAXI FOR HIRE-UNAUTH LOC,40,2020
89,PARK VEHICLE - FOR SALE,40,2020
90,PARK ON MUN PROP NO CONSENT,39,2020
91,PARK/STOP LEFT WHLS > 30CM LFT,39,2020
92,PARK OVERNIGHT NO PERMIT,38,2020
93,STOP NON-BUS - BUS LOAD ZONE,30,2020
94,PARK - ON FRONT YARD,29,2020
95,PARK ONSTRT ACCESSIBLE NOT D/O,28,2020
96,FAIL TO (PARK/STOP) ANGLE SPCE,28,2020
97,PARK - 2 SPACES - NO FEE,28,2020
98,FAIL PARK/STP LEFT WHLS PARALL,25,2020
99,PARK OTHER THAN METERED SPACE,23,2020
100,PARK VEH LNGR THAN 20 MIN,21,2020
101,PRK/STP LEFT WHLS CLSE TO LEFT,21,2020
102,PARK-FAIL TO ACTIVATE MACHINE,20,2020
103,STOP ONSTRT ACCESSIBLE NO PRMT,18,2020
104,PARK-15M MAILBOX SAME SIDE,15,2020
105,PARK-ISSUED CARD NOT DISPLAYED,14,2020
106,PARK-7.5M FIRE HALL SAME SIDE,14,2020
107,PARK VEHICLE WHILE NOT IN PARK,14,2020
108,PARK ACCESSIBLE LOAD NOT DRP/O,13,2020
109,PARK-15M FAR SIDE OF CROSSWALK,12,2020
110,STOP SIDE STOPPED/PARKED VEH,11,2020
111,STAND VEHICLE-SIGNED HIGHWAY,11,2020
112,PARK BUS-FAIL TO ACTIV MACHINE,9,2020
113,STOP-WITHIN 9M OF SCHOOL CROSS,9,2020
114,PARK PRO VEH ON FOOTPATH,8,2020
115,PARK-30.5M APPROACH TO CRSSWLK,8,2020
116,PARK HWY PROHIBITED TIMES/DAYS,7,2020
117,STAND VEHICLE-SIGNED HIGHWAY-3,7,2020
118,STOP BUS-SIGNED HWY-PROH DY/TM,6,2020
119,PARK UNAUTH. VEH IN E-VEH. STN,6,2020
120,STND BUS-SIGNED HWY-PROH DY/TM,6,2020
121,PARK PRO VEH ON PEDESTRIAN WAY,6,2020
122,PARK VEH.-WASH/GREASE/REPAIR,6,2020
123,PARK-30.5M FIRE HALL OPP SIDE,5,2020
124,PARK MOTORCYCLE-MCHNE LT 45DEG,5,2020
125,PARK ELECT. VEH. NOT CONNECTED,5,2020
126,PARK MOTORCYCLE-METER-LT 45DEG,5,2020
127,PARK VEHICLE LONGER THAN 24HR,5,2020
128,PARK VEHICLE PROHIBITED TIME,4,2020
129,PARK PRIVATE PROP NO CONSENT,4,2020
130,PARK LT 0.3M FROM SIDEWALK,4,2020
131,PARK BUS-SIGNED HWY-PROH DY/TM,4,2020
132,PARK-HWY DRNG PROH TIMES/DAYS,3,2020
133,PARK-SIGNED HWY-LESS THAN 6M W,3,2020
134,PARK-FAIL TO ACTIVATE METER,3,2020
135,PARK/LEAVE-FIRE ROUTE,3,2020
136,STOP-ADJACENT CENTRE STRIP END,2,2020
137,PARALLEL PARK-METERED SPACE-FR,2,2020
138,LEAVE IN PARK NOT DESIG AREA,2,2020
139,PARK HWY OVER PERMITTED TIME,2,2020
140,PARK BUS PK SPC/MCHINE-PR TIME,2,2020
141,PARK MTR REC VE NOT DESIG AREA,2,2020
142,STAND VEHICLE SIGNED HIGHWAY 2,2,2020
143,PARK-PREVENT VEHICLE REMOVAL,2,2020
144,PARK-FRONT OF BLDG ENTRY/EXIT,1,2020
145,PARK NON-BUS-BUS PK SPC/MCHINE,1,2020
146,PARK HWY AT PROHIB TIME/DAY,1,2020
147,PARK VEH ON ST WITHOUT PERMIT,1,2020
148,STAND SIGN HWY PRO TIMES/DAYS,1,2020
149,STAND SIGNED TAXICAB STAND,1,2020
150,PARALLEL PARK-METERED SPACE-RE,1,2020
151,STOP-HWY-PROHIBITED TIMES/DAYS,1,2020
152,PARK FAIL TO DISPLAY RECEIPT,1,2020
153,STAND VEH-HWY-18.5 PST BSTP SM,1,2020
154,STAND VEH-HWY-PROH TIME/DAYS,1,2020
155,PARK - FR YARD NO VALID PLATES,1,2020
156,PARK - LONGER THAN 3 HOURS ,1,2020
157,PARK - METER NOT USED,1,2020
158,STOP VEH - PROHIBITED TIME,1,2020
159,STOP SIGNED HWY PRO TIMES/DAYS,1,2020
160,PARK BUS PK SPC/MCHINE-NOFEEPD,1,2020
161,PARK-ALONGSIDE (RAILWAY/CROSS),1,2020
162,STOP ON/OVER SIDEWALK/FOOTPATH,1,2020
163,PARK ON PRIV PROP NO CONSENT,1,2020
164,PARK-FAIL TO DEPOSIT FEE METER,1,2020
165,PARK ON PRIV PROP WITHOUT CONS,1,2020
166,STOP ACC NO PERMIT,1,2020
167,PARK SIGNED HWY EXCESS OF TIME,1,2020
